,Spurs,Spurs fix,Spurs home/away,Leicester,Leicester fix,Leicester home/away,Burnley,Burnley fix,Burnley home/away,Newcastle,Newcastle fix,Newcastle home/away,Watford,Watford fix,Watford home/away,Brentford,Brentford fix,Brentford home/away,Arsenal,Arsenal fix,Arsenal home/away,Chelsea,Chelsea fix,Chelsea home/away,Southampton,Southampton fix,Southampton home/away,Wolves,Wolves fix,Wolves home/away,Liverpool,Liverpool fix,Liverpool home/away,Leeds,Leeds fix,Leeds home/away,Norwich,Norwich fix,Norwich home/away,Man City,Man City fix,Man City home/away,Brighton,Brighton fix,Brighton home/away,Man Utd,Man Utd fix,Man Utd home/away,Aston Villa,Aston Villa fix,Aston Villa home/away,West Ham,West Ham fix,West Ham home/away,Everton,Everton fix,Everton home/away,Crystal Palace,Crystal Palace fix,Crystal Palace home/away
0,Man City,2021-08-16 02:30:00,Home,Wolves,2021-08-15 01:00:00,Home,Brighton,2021-08-15 01:00:00,Home,West Ham,2021-08-16 00:00:00,Home,Aston Villa,2021-08-15 01:00:00,Home,Arsenal,2021-08-14 06:00:00,Home,Brentford,2021-08-14 06:00:00,Away,Crystal Palace,2021-08-15 01:00:00,Home,Everton,2021-08-15 01:00:00,Away,Leicester,2021-08-15 01:00:00,Away,Norwich,2021-08-15 03:30:00,Away,Man Utd,2021-08-14 22:30:00,Away,Liverpool,2021-08-15 03:30:00,Home,Spurs,2021-08-16 02:30:00,Away,Burnley,2021-08-15 01:00:00,Away,Leeds,2021-08-14 22:30:00,Home,Watford,2021-08-15 01:00:00,Away,Newcastle,2021-08-16 00:00:00,Away,Southampton,2021-08-15 01:00:00,Home,Chelsea,2021-08-15 01:00:00,Away
1,Wolves,2021-08-23 00:00:00,Away,West Ham,2021-08-24 06:00:00,Away,Liverpool,2021-08-21 22:30:00,Away,Aston Villa,2021-08-22 01:00:00,Away,Brighton,2021-08-22 03:30:00,Away,Crystal Palace,2021-08-22 01:00:00,Away,Chelsea,2021-08-23 02:30:00,Home,Arsenal,2021-08-23 02:30:00,Away,Man Utd,2021-08-23 00:00:00,Home,Spurs,2021-08-23 00:00:00,Home,Burnley,2021-08-21 22:30:00,Home,Everton,2021-08-22 01:00:00,Home,Man City,2021-08-22 01:00:00,Away,Norwich,2021-08-22 01:00:00,Home,Watford,2021-08-22 03:30:00,Home,Southampton,2021-08-23 00:00:00,Away,Newcastle,2021-08-22 01:00:00,Home,Leicester,2021-08-24 06:00:00,Home,Leeds,2021-08-22 01:00:00,Away,Brentford,2021-08-22 01:00:00,Home
2,Watford,2021-08-30 00:00:00,Home,Norwich,2021-08-29 01:00:00,Away,Leeds,2021-08-30 00:00:00,Home,Southampton,2021-08-29 01:00:00,Home,Spurs,2021-08-30 00:00:00,Away,Aston Villa,2021-08-29 01:00:00,Away,Man City,2021-08-28 22:30:00,Away,Liverpool,2021-08-29 03:30:00,Away,Newcastle,2021-08-29 01:00:00,Away,Man Utd,2021-08-30 02:30:00,Home,Chelsea,2021-08-29 03:30:00,Home,Burnley,2021-08-30 00:00:00,Away,Leicester,2021-08-29 01:00:00,Home,Arsenal,2021-08-28 22:30:00,Home,Everton,2021-08-29 01:00:00,Home,Wolves,2021-08-30 02:30:00,Away,Brentford,2021-08-29 01:00:00,Home,Crystal Palace,2021-08-29 01:00:00,Home,Brighton,2021-08-29 01:00:00,Away,West Ham,2021-08-29 01:00:00,Away
3,Crystal Palace,2021-11-09 22:30:00,Away,Man City,2021-11-10 01:00:00,Home,Everton,2021-09-14 06:00:00,Away,Man Utd,2021-11-10 01:00:00,Away,Wolves,2021-11-10 01:00:00,Home,Brighton,2021-11-10 01:00:00,Home,Norwich,2021-11-10 01:00:00,Home,Aston Villa,2021-11-10 03:30:00,Home,West Ham,2021-11-10 01:00:00,Home,Watford,2021-11-10 01:00:00,Away,Leeds,2021-12-10 02:30:00,Away,Liverpool,2021-12-10 02:30:00,Home,Arsenal,2021-11-10 01:00:00,Away,Leicester,2021-11-10 01:00:00,Away,Brentford,2021-11-10 01:00:00,Away,Newcastle,2021-11-10 01:00:00,Home,Chelsea,2021-11-10 03:30:00,Away,Southampton,2021-11-10 01:00:00,Away,Burnley,2021-09-14 06:00:00,Home,Spurs,2021-11-09 22:30:00,Home
4,Chelsea,2021-09-20 02:30:00,Home,Brighton,2021-09-20 00:00:00,Away,Arsenal,2021-09-19 01:00:00,Home,Leeds,2021-09-18 06:00:00,Home,Norwich,2021-09-19 01:00:00,Away,Wolves,2021-09-18 22:30:00,Away,Burnley,2021-09-19 01:00:00,Away,Spurs,2021-09-20 02:30:00,Away,Man City,2021-09-19 01:00:00,Away,Brentford,2021-09-18 22:30:00,Home,Crystal Palace,2021-09-19 01:00:00,Home,Newcastle,2021-09-18 06:00:00,Away,Watford,2021-09-19 01:00:00,Home,Southampton,2021-09-19 01:00:00,Home,Leicester,2021-09-20 00:00:00,Home,West Ham,2021-09-20 00:00:00,Away,Everton,2021-09-19 03:30:00,Home,Man Utd,2021-09-20 00:00:00,Home,Aston Villa,2021-09-19 03:30:00,Away,Liverpool,2021-09-19 01:00:00,Away
5,Arsenal,2021-09-27 02:30:00,Away,Burnley,2021-09-26 01:00:00,Home,Leicester,2021-09-26 01:00:00,Away,Watford,2021-09-26 01:00:00,Away,Newcastle,2021-09-26 01:00:00,Home,Liverpool,2021-09-26 03:30:00,Home,Spurs,2021-09-27 02:30:00,Home,Man City,2021-09-25 22:30:00,Home,Wolves,2021-09-27 00:00:00,Home,Southampton,2021-09-27 00:00:00,Away,Brentford,2021-09-26 03:30:00,Away,West Ham,2021-09-26 01:00:00,Home,Everton,2021-09-26 01:00:00,Away,Chelsea,2021-09-25 22:30:00,Away,Crystal Palace,2021-09-28 06:00:00,Away,Aston Villa,2021-09-25 22:30:00,Home,Man Utd,2021-09-25 22:30:00,Away,Leeds,2021-09-26 01:00:00,Away,Norwich,2021-09-26 01:00:00,Home,Brighton,2021-09-28 06:00:00,Home
6,Aston Villa,2021-03-11 00:00:00,Home,Crystal Palace,2021-03-11 00:00:00,Away,Norwich,2021-02-11 01:00:00,Home,Wolves,2021-02-11 01:00:00,Away,Leeds,2021-02-11 01:00:00,Away,West Ham,2021-03-11 00:00:00,Away,Brighton,2021-02-11 03:30:00,Away,Southampton,2021-02-11 01:00:00,Home,Chelsea,2021-02-11 01:00:00,Away,Newcastle,2021-02-11 01:00:00,Home,Man City,2021-03-11 02:30:00,Home,Watford,2021-02-11 01:00:00,Home,Burnley,2021-02-11 01:00:00,Away,Liverpool,2021-03-11 02:30:00,Away,Arsenal,2021-02-11 03:30:00,Home,Everton,2021-02-10 22:30:00,Home,Spurs,2021-03-11 00:00:00,Away,Brentford,2021-03-11 00:00:00,Home,Man Utd,2021-02-10 22:30:00,Away,Leicester,2021-03-11 00:00:00,Home
7,Newcastle,2021-10-18 02:30:00,Away,Man Utd,2021-10-17 01:00:00,Home,Man City,2021-10-17 01:00:00,Away,Spurs,2021-10-18 02:30:00,Home,Liverpool,2021-10-16 22:30:00,Home,Chelsea,2021-10-17 03:30:00,Home,Crystal Palace,2021-10-19 06:00:00,Home,Brentford,2021-10-17 03:30:00,Away,Leeds,2021-10-17 01:00:00,Home,Aston Villa,2021-10-17 01:00:00,Away,Watford,2021-10-16 22:30:00,Away,Southampton,2021-10-17 01:00:00,Away,Brighton,2021-10-17 01:00:00,Home,Burnley,2021-10-17 01:00:00,Home,Norwich,2021-10-17 01:00:00,Away,Leicester,2021-10-17 01:00:00,Away,Wolves,2021-10-17 01:00:00,Home,Everton,2021-10-18 00:00:00,Away,West Ham,2021-10-18 00:00:00,Home,Arsenal,2021-10-19 06:00:00,Away
8,West Ham,2021-10-25 00:00:00,Away,Brentford,2021-10-25 00:00:00,Away,Southampton,2021-10-24 01:00:00,Away,Crystal Palace,2021-10-24 01:00:00,Away,Everton,2021-10-24 01:00:00,Away,Leicester,2021-10-25 00:00:00,Home,Aston Villa,2021-10-23 06:00:00,Home,Norwich,2021-10-23 22:30:00,Home,Burnley,2021-10-24 01:00:00,Home,Leeds,2021-10-24 01:00:00,Away,Man Utd,2021-10-25 02:30:00,Away,Wolves,2021-10-24 01:00:00,Home,Chelsea,2021-10-23 22:30:00,Away,Brighton,2021-10-24 03:30:00,Away,Man City,2021-10-24 03:30:00,Home,Liverpool,2021-10-25 02:30:00,Home,Arsenal,2021-10-23 06:00:00,Away,Spurs,2021-10-25 00:00:00,Home,Watford,2021-10-24 01:00:00,Home,Newcastle,2021-10-24 01:00:00,Home
9,Man Utd,2021-10-31 03:30:00,Home,Arsenal,2021-10-30 22:30:00,Home,Brentford,2021-10-31 01:00:00,Home,Chelsea,2021-10-31 01:00:00,Home,Southampton,2021-10-31 01:00:00,Home,Burnley,2021-10-31 01:00:00,Away,Leicester,2021-10-30 22:30:00,Away,Newcastle,2021-10-31 01:00:00,Away,Watford,2021-10-31 01:00:00,Away,Everton,2021-01-12 06:00:00,Home,Brighton,2021-10-31 01:00:00,Home,Norwich,2021-11-01 00:00:00,Away,Leeds,2021-11-01 00:00:00,Home,Crystal Palace,2021-10-31 01:00:00,Home,Liverpool,2021-10-31 01:00:00,Away,Spurs,2021-10-31 03:30:00,Away,West Ham,2021-11-01 02:30:00,Home,Aston Villa,2021-11-01 02:30:00,Away,Wolves,2021-01-12 06:00:00,Away,Man City,2021-10-31 01:00:00,Away
10,Everton,2021-07-12 00:00:00,Away,Leeds,2021-07-12 00:00:00,Away,Chelsea,2021-06-12 01:00:00,Away,Brighton,2021-06-12 03:30:00,Away,Arsenal,2021-07-12 00:00:00,Away,Norwich,2021-06-12 01:00:00,Home,Watford,2021-07-12 00:00:00,Home,Burnley,2021-06-12 01:00:00,Home,Aston Villa,2021-05-12 06:00:00,Home,Crystal Palace,2021-06-12 01:00:00,Away,West Ham,2021-07-12 02:30:00,Away,Leicester,2021-07-12 00:00:00,Home,Brentford,2021-06-12 01:00:00,Away,Man Utd,2021-06-11 22:30:00,Away,Newcastle,2021-06-12 03:30:00,Home,Man City,2021-06-11 22:30:00,Home,Southampton,2021-05-12 06:00:00,Away,Liverpool,2021-07-12 02:30:00,Home,Spurs,2021-07-12 00:00:00,Home,Wolves,2021-06-12 01:00:00,Home
11,Leeds,2021-11-22 02:30:00,Home,Chelsea,2021-11-20 22:30:00,Home,Crystal Palace,2021-11-21 01:00:00,Home,Brentford,2021-11-21 01:00:00,Home,Man Utd,2021-11-21 01:00:00,Home,Newcastle,2021-11-21 01:00:00,Away,Liverpool,2021-11-21 03:30:00,Away,Leicester,2021-11-20 22:30:00,Away,Norwich,2021-11-21 01:00:00,Away,West Ham,2021-11-21 01:00:00,Home,Arsenal,2021-11-21 03:30:00,Home,Spurs,2021-11-22 02:30:00,Away,Southampton,2021-11-21 01:00:00,Home,Everton,2021-11-22 00:00:00,Home,Aston Villa,2021-11-21 01:00:00,Away,Watford,2021-11-21 01:00:00,Away,Brighton,2021-11-21 01:00:00,Home,Wolves,2021-11-21 01:00:00,Away,Man City,2021-11-22 00:00:00,Away,Burnley,2021-11-21 01:00:00,Away
12,Burnley,2021-11-29 00:00:00,Away,Watford,2021-11-29 00:00:00,Home,Spurs,2021-11-29 00:00:00,Home,Arsenal,2021-11-27 22:30:00,Away,Leicester,2021-11-29 00:00:00,Away,Everton,2021-11-29 00:00:00,Home,Newcastle,2021-11-27 22:30:00,Home,Man Utd,2021-11-29 02:30:00,Home,Liverpool,2021-11-28 01:00:00,Away,Norwich,2021-11-28 01:00:00,Away,Southampton,2021-11-28 01:00:00,Home,Brighton,2021-11-28 03:30:00,Away,Wolves,2021-11-28 01:00:00,Home,West Ham,2021-11-29 00:00:00,Home,Leeds,2021-11-28 03:30:00,Home,Chelsea,2021-11-29 02:30:00,Away,Crystal Palace,2021-11-28 01:00:00,Away,Man City,2021-11-29 00:00:00,Away,Brentford,2021-11-29 00:00:00,Away,Aston Villa,2021-11-28 01:00:00,Home
13,Brentford,2021-02-13 05:30:00,Home,Southampton,2021-01-13 05:30:00,Away,Wolves,2021-01-13 05:30:00,Away,Norwich,2021-12-01 05:30:00,Home,Chelsea,2021-01-13 05:30:00,Home,Spurs,2021-02-13 05:30:00,Away,Man Utd,2021-02-13 06:15:00,Away,Watford,2021-01-13 05:30:00,Away,Leicester,2021-01-13 05:30:00,Home,Burnley,2021-01-13 05:30:00,Home,Everton,2021-01-13 06:15:00,Away,Crystal Palace,2021-12-01 06:15:00,Home,Newcastle,2021-12-01 05:30:00,Away,Aston Villa,2021-01-13 06:15:00,Away,West Ham,2021-01-13 05:30:00,Away,Arsenal,2021-02-13 06:15:00,Home,Man City,2021-01-13 06:15:00,Home,Brighton,2021-01-13 05:30:00,Home,Liverpool,2021-01-13 06:15:00,Home,Leeds,2021-12-01 06:15:00,Away
14,Norwich,2021-05-13 00:00:00,Home,Aston Villa,2021-05-13 02:30:00,Away,Newcastle,2021-04-13 01:00:00,Away,Burnley,2021-04-13 01:00:00,Home,Man City,2021-04-13 03:30:00,Home,Leeds,2021-05-13 00:00:00,Away,Everton,2021-06-13 06:00:00,Away,West Ham,2021-04-12 22:30:00,Away,Brighton,2021-04-13 01:00:00,Home,Liverpool,2021-04-13 01:00:00,Home,Wolves,2021-04-13 01:00:00,Away,Brentford,2021-05-13 00:00:00,Home,Spurs,2021-05-13 00:00:00,Away,Watford,2021-04-13 03:30:00,Away,Southampton,2021-04-13 01:00:00,Away,Crystal Palace,2021-05-13 00:00:00,Home,Leicester,2021-05-13 02:30:00,Home,Chelsea,2021-04-12 22:30:00,Home,Arsenal,2021-06-13 06:00:00,Home,Man Utd,2021-05-13 00:00:00,Away
15,Brighton,2021-12-13 00:00:00,Away,Newcastle,2021-12-13 00:00:00,Home,West Ham,2021-12-13 00:00:00,Home,Leicester,2021-12-13 00:00:00,Away,Brentford,2021-10-13 06:00:00,Away,Watford,2021-10-13 06:00:00,Home,Southampton,2021-11-13 01:00:00,Home,Leeds,2021-11-13 01:00:00,Home,Arsenal,2021-11-13 01:00:00,Away,Man City,2021-11-12 22:30:00,Away,Aston Villa,2021-11-13 01:00:00,Home,Chelsea,2021-11-13 01:00:00,Away,Man Utd,2021-11-13 03:30:00,Home,Wolves,2021-11-12 22:30:00,Home,Spurs,2021-12-13 00:00:00,Home,Norwich,2021-11-13 03:30:00,Away,Liverpool,2021-11-13 01:00:00,Away,Burnley,2021-12-13 00:00:00,Away,Crystal Palace,2021-12-13 02:30:00,Away,Everton,2021-12-13 02:30:00,Home
16,Leicester,2021-12-17 05:30:00,Away,Spurs,2021-12-17 05:30:00,Home,Watford,2021-12-16 05:30:00,Home,Liverpool,2021-12-17 06:00:00,Away,Burnley,2021-12-16 05:30:00,Away,Man Utd,2021-12-15 05:30:00,Home,West Ham,2021-12-16 06:00:00,Home,Everton,2021-12-17 05:45:00,Home,Crystal Palace,2021-12-16 05:30:00,Away,Brighton,2021-12-16 05:30:00,Away,Newcastle,2021-12-17 06:00:00,Home,Man City,2021-12-15 06:00:00,Away,Aston Villa,2021-12-15 05:45:00,Home,Leeds,2021-12-15 06:00:00,Home,Wolves,2021-12-16 05:30:00,Home,Brentford,2021-12-15 05:30:00,Away,Norwich,2021-12-15 05:45:00,Away,Arsenal,2021-12-16 06:00:00,Away,Chelsea,2021-12-17 05:45:00,Away,Southampton,2021-12-16 05:30:00,Home
17,Liverpool,2021-12-20 02:30:00,Home,Everton,2021-12-19 22:00:00,Away,Aston Villa,2021-12-19 01:00:00,Away,Man City,2021-12-20 00:00:00,Home,Crystal Palace,2021-12-19 01:00:00,Home,Southampton,2021-12-19 01:00:00,Away,Leeds,2021-12-19 03:30:00,Away,Wolves,2021-12-20 00:00:00,Away,Brentford,2021-12-19 01:00:00,Home,Chelsea,2021-12-20 00:00:00,Home,Spurs,2021-12-20 02:30:00,Away,Arsenal,2021-12-19 03:30:00,Home,West Ham,2021-12-19 01:00:00,Away,Newcastle,2021-12-20 00:00:00,Away,Man Utd,2021-12-18 22:30:00,Away,Brighton,2021-12-18 22:30:00,Home,Burnley,2021-12-19 01:00:00,Home,Norwich,2021-12-19 01:00:00,Home,Leicester,2021-12-19 22:00:00,Home,Watford,2021-12-19 01:00:00,Away
18,Crystal Palace,2021-12-27 01:00:00,Home,Man City,2021-12-27 01:00:00,Away,Everton,2021-12-27 01:00:00,Home,Man Utd,2021-12-28 06:00:00,Home,Wolves,2021-12-26 22:30:00,Away,Brighton,2021-12-27 06:00:00,Away,Norwich,2021-12-27 01:00:00,Away,Aston Villa,2021-12-27 03:30:00,Away,West Ham,2021-12-27 01:00:00,Away,Watford,2021-12-26 22:30:00,Home,Leeds,2021-12-26 22:30:00,Home,Liverpool,2021-12-26 22:30:00,Away,Arsenal,2021-12-27 01:00:00,Home,Leicester,2021-12-27 01:00:00,Home,Brentford,2021-12-27 06:00:00,Home,Newcastle,2021-12-28 06:00:00,Away,Chelsea,2021-12-27 03:30:00,Home,Southampton,2021-12-27 01:00:00,Home,Burnley,2021-12-27 01:00:00,Away,Spurs,2021-12-27 01:00:00,Away
19,Southampton,2021-12-29 01:00:00,Away,Liverpool,2021-12-29 06:00:00,Home,Man Utd,2021-12-31 06:15:00,Away,Everton,2021-12-31 05:30:00,Away,West Ham,2021-12-29 01:00:00,Home,Man City,2021-12-30 06:15:00,Home,Wolves,2021-12-28 22:30:00,Home,Brighton,2021-12-30 05:30:00,Home,Spurs,2021-12-29 01:00:00,Home,Arsenal,2021-12-28 22:30:00,Away,Leicester,2021-12-29 06:00:00,Away,Aston Villa,2021-12-29 03:30:00,Home,Crystal Palace,2021-12-29 01:00:00,Away,Brentford,2021-12-30 06:15:00,Away,Chelsea,2021-12-30 05:30:00,Away,Burnley,2021-12-31 06:15:00,Home,Leeds,2021-12-29 03:30:00,Away,Watford,2021-12-29 01:00:00,Away,Newcastle,2021-12-31 05:30:00,Home,Norwich,2021-12-29 01:00:00,Home
20,Watford,2022-01-02 01:00:00,Away,Norwich,2022-01-02 01:00:00,Home,Leeds,2022-02-02 00:00:00,Away,Southampton,2022-02-02 00:00:00,Away,Spurs,2022-01-02 01:00:00,Home,Aston Villa,2022-02-02 00:00:00,Home,Man City,2022-01-01 22:30:00,Home,Liverpool,2022-02-02 02:30:00,Home,Newcastle,2022-02-02 00:00:00,Home,Man Utd,2022-03-02 03:30:00,Away,Chelsea,2022-02-02 02:30:00,Away,Burnley,2022-02-02 00:00:00,Home,Leicester,2022-01-02 01:00:00,Away,Arsenal,2022-01-01 22:30:00,Away,Everton,2022-02-02 00:00:00,Away,Wolves,2022-03-02 03:30:00,Home,Brentford,2022-02-02 00:00:00,Away,Crystal Palace,2022-01-02 03:30:00,Away,Brighton,2022-02-02 00:00:00,Home,West Ham,2022-01-02 03:30:00,Home
21,Arsenal,2022-01-17 02:30:00,Home,Burnley,2022-01-16 01:00:00,Away,Leicester,2022-01-16 01:00:00,Home,Watford,2022-01-16 01:00:00,Home,Newcastle,2022-01-16 01:00:00,Away,Liverpool,2022-01-16 01:00:00,Away,Spurs,2022-01-17 02:30:00,Away,Man City,2022-01-15 22:30:00,Away,Wolves,2022-01-16 01:00:00,Away,Southampton,2022-01-16 01:00:00,Home,Brentford,2022-01-16 01:00:00,Home,West Ham,2022-01-17 00:00:00,Away,Everton,2022-01-16 01:00:00,Home,Chelsea,2022-01-15 22:30:00,Home,Crystal Palace,2022-01-15 06:00:00,Home,Aston Villa,2022-01-16 03:30:00,Away,Man Utd,2022-01-16 03:30:00,Home,Leeds,2022-01-17 00:00:00,Home,Norwich,2022-01-16 01:00:00,Away,Brighton,2022-01-15 06:00:00,Away
22,Chelsea,2022-01-24 02:30:00,Away,Brighton,2022-01-24 00:00:00,Home,Arsenal,2022-01-23 01:00:00,Away,Leeds,2022-01-23 01:00:00,Away,Norwich,2022-01-22 06:00:00,Home,Wolves,2022-01-23 01:00:00,Home,Burnley,2022-01-23 01:00:00,Home,Spurs,2022-01-24 02:30:00,Home,Man City,2022-01-23 03:30:00,Home,Brentford,2022-01-23 01:00:00,Away,Crystal Palace,2022-01-24 00:00:00,Away,Newcastle,2022-01-23 01:00:00,Home,Watford,2022-01-22 06:00:00,Away,Southampton,2022-01-23 03:30:00,Away,Leicester,2022-01-24 00:00:00,Away,West Ham,2022-01-23 01:00:00,Home,Everton,2022-01-22 22:30:00,Away,Man Utd,2022-01-23 01:00:00,Away,Aston Villa,2022-01-22 22:30:00,Home,Liverpool,2022-01-24 00:00:00,Home
23,Southampton,2022-09-03 05:45:00,Home,Liverpool,2022-10-03 05:45:00,Away,Man Utd,2022-08-03 06:00:00,Home,Everton,2022-08-03 05:45:00,Home,West Ham,2022-08-03 05:45:00,Away,Man City,2022-09-03 05:45:00,Away,Wolves,2022-10-03 05:45:00,Away,Brighton,2022-08-03 05:45:00,Away,Spurs,2022-09-03 05:45:00,Away,Arsenal,2022-10-03 05:45:00,Home,Leicester,2022-10-03 05:45:00,Home,Aston Villa,2022-09-03 06:00:00,Away,Crystal Palace,2022-09-03 05:45:00,Home,Brentford,2022-09-03 05:45:00,Home,Chelsea,2022-08-03 05:45:00,Home,Burnley,2022-08-03 06:00:00,Away,Leeds,2022-09-03 06:00:00,Home,Watford,2022-08-03 05:45:00,Home,Newcastle,2022-08-03 05:45:00,Away,Norwich,2022-09-03 05:45:00,Away
24,Wolves,2022-02-14 00:00:00,Home,West Ham,2022-02-14 02:30:00,Home,Liverpool,2022-02-14 00:00:00,Home,Aston Villa,2022-02-14 00:00:00,Home,Brighton,2022-12-03 01:00:00,Home,Crystal Palace,2022-12-03 01:00:00,Home,Chelsea,2022-12-03 01:00:00,Away,Arsenal,2022-12-03 01:00:00,Home,Man Utd,2022-12-02 22:30:00,Away,Spurs,2022-02-14 00:00:00,Away,Burnley,2022-02-14 00:00:00,Away,Everton,2022-12-03 01:00:00,Away,Man City,2022-12-03 03:30:00,Home,Norwich,2022-12-03 03:30:00,Away,Watford,2022-12-03 01:00:00,Away,Southampton,2022-12-02 22:30:00,Home,Newcastle,2022-02-14 00:00:00,Away,Leicester,2022-02-14 02:30:00,Away,Leeds,2022-12-03 01:00:00,Home,Brentford,2022-12-03 01:00:00,Away
25,Man City,2022-02-20 01:00:00,Away,Wolves,2022-02-20 01:00:00,Away,Brighton,2022-02-20 01:00:00,Away,West Ham,2022-02-20 01:00:00,Away,Aston Villa,2022-02-20 01:00:00,Away,Arsenal,2022-02-20 01:00:00,Away,Brentford,2022-02-20 01:00:00,Home,Crystal Palace,2022-02-20 01:00:00,Away,Everton,2022-02-20 01:00:00,Home,Leicester,2022-02-20 01:00:00,Home,Norwich,2022-02-20 01:00:00,Home,Man Utd,2022-02-20 01:00:00,Home,Liverpool,2022-02-20 01:00:00,Away,Spurs,2022-02-20 01:00:00,Home,Burnley,2022-02-20 01:00:00,Home,Leeds,2022-02-20 01:00:00,Away,Watford,2022-02-20 01:00:00,Home,Newcastle,2022-02-20 01:00:00,Home,Southampton,2022-02-20 01:00:00,Away,Chelsea,2022-02-20 01:00:00,Home
26,Leeds,2022-02-27 01:00:00,Away,Chelsea,2022-02-27 01:00:00,Away,Crystal Palace,2022-02-27 01:00:00,Away,Brentford,2022-02-27 01:00:00,Away,Man Utd,2022-02-27 01:00:00,Away,Newcastle,2022-02-27 01:00:00,Home,Liverpool,2022-02-27 01:00:00,Home,Leicester,2022-02-27 01:00:00,Home,Norwich,2022-02-27 01:00:00,Home,West Ham,2022-02-27 01:00:00,Away,Arsenal,2022-02-27 01:00:00,Away,Spurs,2022-02-27 01:00:00,Home,Southampton,2022-02-27 01:00:00,Away,Everton,2022-02-27 01:00:00,Away,Aston Villa,2022-02-27 01:00:00,Home,Watford,2022-02-27 01:00:00,Home,Brighton,2022-02-27 01:00:00,Away,Wolves,2022-02-27 01:00:00,Home,Man City,2022-02-27 01:00:00,Home,Burnley,2022-02-27 01:00:00,Home
27,Everton,2022-05-04 01:00:00,Home,Leeds,2022-05-04 01:00:00,Home,Chelsea,2022-05-04 01:00:00,Home,Brighton,2022-05-04 01:00:00,Home,Arsenal,2022-05-04 01:00:00,Home,Norwich,2022-05-04 01:00:00,Away,Watford,2022-05-04 01:00:00,Away,Burnley,2022-05-04 01:00:00,Away,Aston Villa,2022-05-04 01:00:00,Away,Crystal Palace,2022-05-04 01:00:00,Home,West Ham,2022-05-04 01:00:00,Home,Leicester,2022-05-04 01:00:00,Away,Brentford,2022-05-04 01:00:00,Home,Man Utd,2022-05-04 01:00:00,Home,Newcastle,2022-05-04 01:00:00,Away,Man City,2022-05-04 01:00:00,Away,Southampton,2022-05-04 01:00:00,Home,Liverpool,2022-05-04 01:00:00,Away,Spurs,2022-05-04 01:00:00,Away,Wolves,2022-05-04 01:00:00,Away
28,Man Utd,2022-12-04 01:00:00,Away,Arsenal,2022-12-04 01:00:00,Away,Brentford,2022-12-04 01:00:00,Away,Chelsea,2022-12-04 01:00:00,Away,Southampton,2022-12-04 01:00:00,Away,Burnley,2022-12-04 01:00:00,Home,Leicester,2022-12-04 01:00:00,Home,Newcastle,2022-12-04 01:00:00,Home,Watford,2022-12-04 01:00:00,Home,Everton,2022-12-04 01:00:00,Away,Brighton,2022-12-04 01:00:00,Away,Norwich,2022-12-04 01:00:00,Home,Leeds,2022-12-04 01:00:00,Away,Crystal Palace,2022-12-04 01:00:00,Away,Liverpool,2022-12-04 01:00:00,Home,Spurs,2022-12-04 01:00:00,Home,West Ham,2022-12-04 01:00:00,Away,Aston Villa,2022-12-04 01:00:00,Home,Wolves,2022-12-04 01:00:00,Home,Man City,2022-12-04 01:00:00,Home
29,West Ham,2022-03-20 01:00:00,Home,Brentford,2022-03-20 01:00:00,Home,Southampton,2022-03-20 01:00:00,Home,Crystal Palace,2022-03-20 01:00:00,Home,Everton,2022-03-20 01:00:00,Home,Leicester,2022-03-20 01:00:00,Away,Aston Villa,2022-03-20 01:00:00,Away,Norwich,2022-03-20 01:00:00,Away,Burnley,2022-03-20 01:00:00,Away,Leeds,2022-03-20 01:00:00,Home,Man Utd,2022-03-20 01:00:00,Home,Wolves,2022-03-20 01:00:00,Away,Chelsea,2022-03-20 01:00:00,Home,Brighton,2022-03-20 01:00:00,Home,Man City,2022-03-20 01:00:00,Away,Liverpool,2022-03-20 01:00:00,Away,Arsenal,2022-03-20 01:00:00,Home,Spurs,2022-03-20 01:00:00,Away,Watford,2022-03-20 01:00:00,Away,Newcastle,2022-03-20 01:00:00,Away
30,Newcastle,2022-02-05 01:00:00,Home,Man Utd,2022-02-05 01:00:00,Away,Man City,2022-02-05 01:00:00,Home,Spurs,2022-02-05 01:00:00,Away,Liverpool,2022-02-05 01:00:00,Away,Chelsea,2022-02-05 01:00:00,Away,Crystal Palace,2022-02-05 01:00:00,Away,Brentford,2022-02-05 01:00:00,Home,Leeds,2022-02-05 01:00:00,Away,Aston Villa,2022-02-05 01:00:00,Home,Watford,2022-02-05 01:00:00,Home,Southampton,2022-02-05 01:00:00,Home,Brighton,2022-02-05 01:00:00,Away,Burnley,2022-02-05 01:00:00,Away,Norwich,2022-02-05 01:00:00,Home,Leicester,2022-02-05 01:00:00,Home,Wolves,2022-02-05 01:00:00,Away,Everton,2022-02-05 01:00:00,Home,West Ham,2022-02-05 01:00:00,Away,Arsenal,2022-02-05 01:00:00,Home
31,Aston Villa,2022-09-05 01:00:00,Away,Crystal Palace,2022-09-05 01:00:00,Home,Norwich,2022-09-05 01:00:00,Away,Wolves,2022-09-05 01:00:00,Home,Leeds,2022-09-05 01:00:00,Home,West Ham,2022-09-05 01:00:00,Home,Brighton,2022-09-05 01:00:00,Home,Southampton,2022-09-05 01:00:00,Away,Chelsea,2022-09-05 01:00:00,Home,Newcastle,2022-09-05 01:00:00,Away,Man City,2022-09-05 01:00:00,Away,Watford,2022-09-05 01:00:00,Away,Burnley,2022-09-05 01:00:00,Home,Liverpool,2022-09-05 01:00:00,Home,Arsenal,2022-09-05 01:00:00,Away,Everton,2022-09-05 01:00:00,Away,Spurs,2022-09-05 01:00:00,Home,Brentford,2022-09-05 01:00:00,Away,Man Utd,2022-09-05 01:00:00,Home,Leicester,2022-09-05 01:00:00,Away
32,Brighton,2022-04-17 01:00:00,Home,Newcastle,2022-04-17 01:00:00,Away,West Ham,2022-04-17 01:00:00,Away,Leicester,2022-04-17 01:00:00,Home,Brentford,2022-04-17 01:00:00,Home,Watford,2022-04-17 01:00:00,Away,Southampton,2022-04-17 01:00:00,Away,Leeds,2022-04-17 01:00:00,Away,Arsenal,2022-04-17 01:00:00,Home,Man City,2022-04-17 01:00:00,Home,Aston Villa,2022-04-17 01:00:00,Away,Chelsea,2022-04-17 01:00:00,Home,Man Utd,2022-04-17 01:00:00,Away,Wolves,2022-04-17 01:00:00,Away,Spurs,2022-04-17 01:00:00,Away,Norwich,2022-04-17 01:00:00,Home,Liverpool,2022-04-17 01:00:00,Home,Burnley,2022-04-17 01:00:00,Home,Crystal Palace,2022-04-17 01:00:00,Home,Everton,2022-04-17 01:00:00,Away
33,Brentford,2022-04-24 01:00:00,Away,Aston Villa,2022-04-24 01:00:00,Home,Wolves,2022-04-24 01:00:00,Home,Norwich,2022-04-24 01:00:00,Away,Man City,2022-04-24 01:00:00,Away,Spurs,2022-04-24 01:00:00,Home,Man Utd,2022-04-24 01:00:00,Home,West Ham,2022-04-24 01:00:00,Home,Brighton,2022-04-24 01:00:00,Away,Burnley,2022-04-24 01:00:00,Away,Everton,2022-04-24 01:00:00,Home,Crystal Palace,2022-04-24 01:00:00,Away,Newcastle,2022-04-24 01:00:00,Home,Watford,2022-04-24 01:00:00,Home,Southampton,2022-04-24 01:00:00,Home,Arsenal,2022-04-24 01:00:00,Away,Leicester,2022-04-24 01:00:00,Away,Chelsea,2022-04-24 01:00:00,Away,Liverpool,2022-04-24 01:00:00,Away,Leeds,2022-04-24 01:00:00,Home
34,Leicester,2022-05-01 01:00:00,Home,Spurs,2022-05-01 01:00:00,Away,Watford,2022-05-01 01:00:00,Away,Liverpool,2022-05-01 01:00:00,Home,Burnley,2022-05-01 01:00:00,Home,Man Utd,2022-05-01 01:00:00,Away,West Ham,2022-05-01 01:00:00,Away,Everton,2022-05-01 01:00:00,Away,Crystal Palace,2022-05-01 01:00:00,Home,Brighton,2022-05-01 01:00:00,Home,Newcastle,2022-05-01 01:00:00,Away,Man City,2022-05-01 01:00:00,Home,Aston Villa,2022-05-01 01:00:00,Away,Leeds,2022-05-01 01:00:00,Away,Wolves,2022-05-01 01:00:00,Away,Brentford,2022-05-01 01:00:00,Home,Norwich,2022-05-01 01:00:00,Home,Arsenal,2022-05-01 01:00:00,Home,Chelsea,2022-05-01 01:00:00,Home,Southampton,2022-05-01 01:00:00,Away
35,Liverpool,2022-07-06 01:00:00,Away,Everton,2022-07-06 01:00:00,Home,Aston Villa,2022-07-06 01:00:00,Home,Man City,2022-07-06 01:00:00,Away,Crystal Palace,2022-07-06 01:00:00,Away,Southampton,2022-07-06 01:00:00,Home,Leeds,2022-07-06 01:00:00,Home,Wolves,2022-07-06 01:00:00,Home,Brentford,2022-07-06 01:00:00,Away,Chelsea,2022-07-06 01:00:00,Away,Spurs,2022-07-06 01:00:00,Home,Arsenal,2022-07-06 01:00:00,Away,West Ham,2022-07-06 01:00:00,Home,Newcastle,2022-07-06 01:00:00,Home,Man Utd,2022-07-06 01:00:00,Home,Brighton,2022-07-06 01:00:00,Away,Burnley,2022-07-06 01:00:00,Away,Norwich,2022-07-06 01:00:00,Away,Leicester,2022-07-06 01:00:00,Away,Watford,2022-07-06 01:00:00,Home
36,Burnley,2022-05-16 01:00:00,Home,Watford,2022-05-16 01:00:00,Away,Spurs,2022-05-16 01:00:00,Away,Arsenal,2022-05-16 01:00:00,Home,Leicester,2022-05-16 01:00:00,Home,Everton,2022-05-16 01:00:00,Away,Newcastle,2022-05-16 01:00:00,Away,Man Utd,2022-05-16 01:00:00,Away,Liverpool,2022-05-16 01:00:00,Home,Norwich,2022-05-16 01:00:00,Home,Southampton,2022-05-16 01:00:00,Away,Brighton,2022-05-16 01:00:00,Home,Wolves,2022-05-16 01:00:00,Away,West Ham,2022-05-16 01:00:00,Away,Leeds,2022-05-16 01:00:00,Away,Chelsea,2022-05-16 01:00:00,Home,Crystal Palace,2022-05-16 01:00:00,Home,Man City,2022-05-16 01:00:00,Home,Brentford,2022-05-16 01:00:00,Home,Aston Villa,2022-05-16 01:00:00,Away
37,Norwich,2022-05-23 02:00:00,Away,Southampton,2022-05-23 02:00:00,Home,Newcastle,2022-05-23 02:00:00,Home,Burnley,2022-05-23 02:00:00,Away,Chelsea,2022-05-23 02:00:00,Away,Leeds,2022-05-23 02:00:00,Home,Everton,2022-05-23 02:00:00,Home,Watford,2022-05-23 02:00:00,Home,Leicester,2022-05-23 02:00:00,Away,Liverpool,2022-05-23 02:00:00,Away,Wolves,2022-05-23 02:00:00,Home,Brentford,2022-05-23 02:00:00,Away,Spurs,2022-05-23 02:00:00,Home,Aston Villa,2022-05-23 02:00:00,Home,West Ham,2022-05-23 02:00:00,Home,Crystal Palace,2022-05-23 02:00:00,Away,Man City,2022-05-23 02:00:00,Away,Brighton,2022-05-23 02:00:00,Away,Arsenal,2022-05-23 02:00:00,Away,Man Utd,2022-05-23 02:00:00,Home
