name,team,position,cost,status,minutes,total_points,bonus,points_per_game,selected_by_percent
Leno,ARS,GKP,4.8,Available,270,4,0,1.3,1.3
Rúnarsson,ARS,GKP,4.0,NotAvail,0,0,0,0.0,0.9
Willian,ARS,MID,6.3,NotAvail,0,0,0,0.0,0.1
Aubameyang,ARS,FWD,9.9,Available,428,22,4,3.7,2.2
Cédric,ARS,DEF,4.3,Available,188,1,0,0.3,0.2
Lacazette,ARS,FWD,8.3,Available,49,2,0,1.0,1.0
Xhaka,ARS,MID,4.9,Injured,295,4,0,1.0,0.4
Marí,ARS,DEF,4.3,Available,180,1,0,0.5,0.1
Bellerín,ARS,DEF,4.8,NotAvail,0,0,0,0.0,0.3
Chambers,ARS,DEF,4.3,Available,170,1,0,0.5,0.2
Kolasinac,ARS,DEF,4.3,Available,90,-1,0,-1.0,0.1
Elneny,ARS,MID,4.5,Available,45,1,0,1.0,0.4
Maitland-Niles,ARS,MID,5.3,Available,119,7,0,1.4,0.1
Holding,ARS,DEF,4.3,Available,180,0,0,0.0,0.7
Partey,ARS,MID,5.0,Available,282,7,0,1.8,0.2
Tierney,ARS,DEF,4.9,Available,592,23,1,3.3,6.8
Pépé,ARS,MID,7.1,Available,387,14,0,2.8,1.2
Torreira,ARS,MID,4.5,NotAvail,0,0,0,0.0,0.2
Nketiah,ARS,FWD,5.4,Available,0,0,0,0.0,0.1
Smith Rowe,ARS,MID,5.3,Available,535,25,2,3.6,5.2
Saka,ARS,MID,6.3,Available,491,29,3,4.1,10.9
Gabriel,ARS,DEF,5.0,Available,360,23,3,5.8,0.5
Mavropanos,ARS,DEF,4.5,NotAvail,0,0,0,0.0,0.0
Guendouzi,ARS,MID,4.5,NotAvail,0,0,0,0.0,0.0
Martinelli,ARS,MID,5.2,Available,148,4,0,2.0,0.2
Saliba,ARS,DEF,4.5,NotAvail,0,0,0,0.0,0.0
White,ARS,DEF,4.4,Available,450,22,2,4.4,12.1
Tavares,ARS,DEF,4.3,Available,47,3,0,0.8,0.2
Sambi Lokonga,ARS,MID,4.9,Available,368,10,0,1.7,0.2
Balogun,ARS,FWD,4.9,Available,69,2,0,1.0,0.4
Nelson,ARS,MID,5.0,NotAvail,19,1,0,1.0,0.0
Hein,ARS,GKP,4.0,Available,0,0,0,0.0,0.6
Ødegaard,ARS,MID,5.5,Available,402,20,3,4.0,2.8
Ramsdale,ARS,GKP,4.5,Available,360,24,2,6.0,4.0
Okonkwo,ARS,GKP,4.0,Available,0,0,0,0.0,0.1
Tomiyasu,ARS,DEF,4.5,Available,331,20,0,5.0,2.7
Steer,AVL,GKP,4.0,Available,90,1,0,1.0,3.6
Hourihane,AVL,MID,4.9,NotAvail,0,0,0,0.0,0.0
Martínez,AVL,GKP,5.5,Available,450,26,4,5.2,14.3
Engels,AVL,DEF,4.5,NotAvail,0,0,0,0.0,0.0
Traoré,AVL,MID,5.8,Available,43,6,0,2.0,0.4
Sanson,AVL,MID,5.0,Injured,0,0,0,0.0,0.0
McGinn,AVL,MID,5.8,Available,399,14,0,2.8,0.7
Hause,AVL,DEF,4.4,Available,91,16,3,8.0,0.3
Trézéguet,AVL,MID,5.4,Injured,0,0,0,0.0,0.0
Mings,AVL,DEF,5.0,Available,450,28,4,5.6,7.6
Targett,AVL,DEF,4.8,Available,375,14,0,2.8,2.8
Watkins,AVL,FWD,7.3,Available,281,7,0,1.8,1.5
Nakamba,AVL,MID,4.5,Available,177,5,0,1.2,0.2
El Ghazi,AVL,MID,5.8,Available,239,11,1,3.7,0.6
Buendía,AVL,MID,6.4,Available,258,15,3,3.8,1.4
Cash,AVL,DEF,5.0,Available,535,29,3,4.8,3.7
Konsa,AVL,DEF,4.9,Available,538,22,0,3.7,0.7
Guilbert,AVL,DEF,4.5,NotAvail,0,0,0,0.0,0.0
Wesley,AVL,FWD,5.4,NotAvail,1,1,0,1.0,0.1
Samatta,AVL,FWD,5.5,NotAvail,0,0,0,0.0,0.0
Davis,AVL,FWD,4.4,Injured,0,0,0,0.0,1.3
Douglas Luiz,AVL,MID,4.5,Available,437,19,1,3.8,3.2
Ramsey,AVL,MID,4.5,Available,365,10,0,2.0,0.5
Young,AVL,DEF,4.9,Available,266,10,0,2.5,0.6
Tuanzebe,AVL,DEF,4.5,Available,272,10,0,2.5,0.6
Ings,AVL,FWD,7.9,Available,505,28,3,4.7,17.0
Bailey,AVL,MID,6.4,Injured,84,14,1,4.7,0.6
Ramsey,AVL,MID,4.5,Available,0,0,0,0.0,0.2
Philogene-Bidace,AVL,MID,5.0,Available,4,1,0,1.0,0.0
Chukwuemeka,AVL,MID,4.5,Available,62,2,0,2.0,0.0
Archer,AVL,FWD,4.5,Available,4,1,0,1.0,1.2
Sinisalo,AVL,GKP,4.0,Available,0,0,0,0.0,0.1
Bogarde,AVL,DEF,4.0,Available,0,0,0,0.0,0.0
Jansson,BRE,DEF,4.6,Available,531,33,5,5.5,8.1
Nørgaard,BRE,MID,5.0,Available,527,18,0,3.0,1.0
Toney,BRE,FWD,6.3,Available,540,29,4,4.8,14.9
Fosu,BRE,MID,5.2,Available,0,0,0,0.0,0.0
Raya,BRE,GKP,4.6,Available,540,27,1,4.5,10.0
Canós,BRE,MID,5.5,Available,487,23,3,3.8,2.2
Dasilva,BRE,MID,5.4,Injured,0,0,0,0.0,0.0
Henry,BRE,DEF,4.5,Available,524,22,0,3.7,1.1
Janelt,BRE,MID,5.0,Available,511,23,3,3.8,0.3
Ghoddos,BRE,MID,5.3,Available,85,3,0,1.5,0.0
Jensen,BRE,MID,4.9,Available,32,2,0,1.0,0.0
Goode,BRE,DEF,3.9,Available,0,0,0,0.0,2.1
Forss,BRE,FWD,5.3,Available,4,1,0,1.0,0.1
Roerslev,BRE,DEF,4.3,Available,44,2,0,1.0,0.1
Sørensen,BRE,DEF,4.4,Injured,19,1,0,1.0,0.0
Pinnock,BRE,DEF,4.6,Available,492,36,4,6.0,6.1
Balcombe,BRE,GKP,4.0,NotAvail,0,0,0,0.0,0.0
Zamburek,BRE,MID,4.5,Available,0,0,0,0.0,0.9
Gunnarsson,BRE,GKP,4.0,NotAvail,0,0,0,0.0,0.9
Dervişoğlu,BRE,FWD,5.4,NotAvail,0,0,0,0.0,0.0
Mbeumo,BRE,MID,5.5,Available,510,19,0,3.2,1.0
Bidstrup,BRE,MID,4.5,Available,13,2,0,1.0,0.1
Onyeka,BRE,MID,4.9,Available,252,9,0,1.8,0.1
Ajer,BRE,DEF,4.5,Available,520,23,1,3.8,1.3
Thompson,BRE,DEF,4.4,Available,0,0,0,0.0,0.0
Baptiste,BRE,MID,5.0,Available,160,5,0,1.2,0.0
Wissa,BRE,MID,5.9,Available,49,8,0,2.7,0.1
Fernández,BRE,GKP,4.5,Available,0,0,0,0.0,0.1
Stevens,BRE,DEF,4.0,Available,0,0,0,0.0,0.3
Zanka,BRE,DEF,4.5,Available,55,1,0,0.5,0.0
Lallana,BHA,MID,5.4,Available,542,14,0,2.0,0.2
Steele,BHA,GKP,4.0,Available,0,0,0,0.0,3.3
Groß,BHA,MID,6.0,Available,443,19,1,3.8,0.4
Duffy,BHA,DEF,4.3,Available,630,35,3,5.0,23.2
Pröpper,BHA,MID,4.5,NotAvail,0,0,0,0.0,0.0
Burn,BHA,DEF,4.4,Available,155,8,0,2.7,0.0
Dunk,BHA,DEF,5.0,Available,630,29,4,4.1,4.3
March,BHA,MID,5.4,Available,255,8,0,1.6,0.1
Webster,BHA,DEF,4.4,Injured,306,9,0,2.2,0.3
Veltman,BHA,DEF,4.4,Available,405,20,3,4.0,1.3
Maupay,BHA,FWD,6.5,Available,585,32,5,4.6,3.3
Trossard,BHA,MID,6.4,Available,596,27,3,3.9,1.2
Ryan,BHA,GKP,4.5,NotAvail,0,0,0,0.0,0.0
Jahanbakhsh,BHA,MID,5.5,NotAvail,0,0,0,0.0,0.0
Bernardo,BHA,DEF,4.0,NotAvail,0,0,0,0.0,0.0
Sánchez,BHA,GKP,4.6,Available,630,25,1,3.6,24.2
Bissouma,BHA,MID,4.6,Doubtful,438,16,2,3.2,14.2
Lamptey,BHA,DEF,4.4,Available,0,0,0,0.0,0.4
Connolly,BHA,FWD,5.3,Available,59,2,0,1.0,0.1
Alzate,BHA,MID,4.9,Injured,90,3,0,1.5,0.0
Mac Allister,BHA,MID,5.5,Available,187,18,3,3.6,0.5
Moder,BHA,MID,4.5,Available,266,13,0,1.9,0.8
Welbeck,BHA,FWD,6.0,Doubtful,238,14,3,3.5,0.3
Mwepu,BHA,MID,5.9,Doubtful,91,2,0,0.7,0.0
Scherpen,BHA,GKP,4.5,Available,0,0,0,0.0,0.0
Andone,BHA,FWD,5.0,NotAvail,0,0,0,0.0,0.1
Zeqiri,BHA,FWD,4.5,NotAvail,0,0,0,0.0,0.4
Karbownik,BHA,DEF,4.0,NotAvail,0,0,0,0.0,0.0
Richards,BHA,MID,4.5,Available,17,1,0,1.0,0.0
Caicedo,BHA,MID,4.5,NotAvail,0,0,0,0.0,0.0
Roberts,BHA,DEF,4.0,Available,0,0,0,0.0,0.2
Cucurella,BHA,DEF,5.0,Available,351,19,4,4.8,0.7
Locadia,BHA,FWD,4.5,Available,0,0,0,0.0,0.5
Sarmiento,BHA,MID,4.5,Available,0,0,0,0.0,0.0
Tarkowski,BUR,DEF,5.0,Available,630,17,0,2.4,1.4
Bardsley,BUR,DEF,4.0,Available,0,0,0,0.0,0.7
Pieters,BUR,DEF,4.4,Available,11,1,0,1.0,0.1
Cork,BUR,MID,4.5,Available,174,4,0,2.0,0.2
Stephens,BUR,MID,4.5,Injured,0,0,0,0.0,0.0
Long,BUR,DEF,4.0,Available,0,0,0,0.0,0.1
Rodriguez,BUR,FWD,5.4,Available,151,5,0,1.0,0.6
Barnes,BUR,FWD,5.4,Available,344,8,0,1.1,1.3
Mee,BUR,DEF,4.9,Doubtful,540,13,0,2.2,1.0
Westwood,BUR,MID,5.4,Available,540,19,2,3.2,0.4
Gudmundsson,BUR,MID,5.5,Available,436,13,0,1.9,0.1
Wood,BUR,FWD,6.8,Available,589,20,3,2.9,1.7
Lowton,BUR,DEF,4.4,Available,630,17,1,2.4,1.7
Vydra,BUR,FWD,5.3,Doubtful,171,10,0,1.7,0.3
Pope,BUR,GKP,5.4,Available,630,18,0,2.6,3.0
Taylor,BUR,DEF,4.4,Available,630,17,3,2.4,0.4
Norris,BUR,GKP,4.4,Available,0,0,0,0.0,0.1
Brownhill,BUR,MID,4.4,Available,551,11,0,1.6,2.8
Benson,BUR,MID,4.5,NotAvail,0,0,0,0.0,0.0
Peacock-Farrell,BUR,GKP,4.5,NotAvail,0,0,0,0.0,0.0
McNeil,BUR,MID,5.9,Available,614,16,1,2.3,0.3
Collins,BUR,DEF,4.3,Available,90,6,0,6.0,0.1
Hennessey,BUR,GKP,4.5,Available,0,0,0,0.0,0.2
Richardson,BUR,FWD,4.5,Available,0,0,0,0.0,1.3
Thomas,BUR,DEF,4.0,Available,0,0,0,0.0,0.3
Dodgson,BUR,DEF,4.0,Available,0,0,0,0.0,0.1
Lennon,BUR,MID,5.0,Available,103,3,0,0.8,0.0
Cornet,BUR,MID,6.0,Doubtful,78,6,0,3.0,0.0
Roberts,BUR,DEF,4.5,Injured,0,0,0,0.0,0.0
Azpilicueta,CHE,DEF,6.0,Available,542,36,2,5.1,5.3
Giroud,CHE,FWD,6.5,NotAvail,0,0,0,0.0,0.0
Thiago Silva,CHE,DEF,5.4,Available,376,25,3,5.0,4.1
Alonso,CHE,DEF,6.0,Available,535,39,4,6.5,26.5
Jorginho,CHE,MID,5.9,Available,493,15,0,2.1,3.8
Barkley,CHE,MID,5.3,Available,7,1,0,1.0,0.1
Kovacic,CHE,MID,5.2,Available,548,33,2,4.7,8.4
Batshuayi,CHE,FWD,5.5,NotAvail,0,0,0,0.0,0.1
Rüdiger,CHE,DEF,5.7,Available,630,36,2,5.1,20.6
Arrizabalaga,CHE,GKP,4.9,Available,90,6,0,6.0,0.3
Kanté,CHE,MID,4.9,Injured,167,9,0,2.2,2.7
Ziyech,CHE,MID,7.4,Available,98,4,0,2.0,0.4
Loftus-Cheek,CHE,MID,5.4,Available,96,7,1,3.5,0.1
Christensen,CHE,DEF,5.0,Available,450,22,1,4.4,4.0
Werner,CHE,FWD,8.6,Available,299,16,1,2.7,1.5
Chilwell,CHE,DEF,5.6,Available,90,8,0,8.0,3.6
Abraham,CHE,FWD,6.5,NotAvail,0,0,0,0.0,0.2
Pulisic,CHE,MID,7.9,Injured,81,8,0,8.0,0.5
Mount,CHE,MID,7.4,Available,331,16,0,3.2,8.9
Ampadu,CHE,DEF,4.5,NotAvail,0,0,0,0.0,0.1
Hudson-Odoi,CHE,MID,5.3,Available,145,5,0,2.5,0.1
Havertz,CHE,MID,8.2,Available,304,18,1,3.0,4.5
James,CHE,DEF,5.6,Injured,188,21,3,5.2,5.3
Mendy,CHE,GKP,6.0,Available,540,30,2,5.0,13.0
Sarr,CHE,DEF,4.9,Available,0,0,0,0.0,0.1
Chalobah,CHE,DEF,4.8,Available,273,32,5,8.0,1.8
Lukaku,CHE,FWD,11.7,Available,540,29,5,4.8,37.2
Emerson,CHE,DEF,4.5,NotAvail,4,1,0,1.0,0.0
Saúl,CHE,MID,5.3,Available,45,1,0,1.0,0.2
Bettinelli,CHE,GKP,4.0,Available,0,0,0,0.0,0.0
Gallagher,CRY,MID,5.7,Available,450,32,3,6.4,8.3
Guaita,CRY,GKP,4.5,Available,540,24,2,4.0,6.7
Tomkins,CRY,DEF,4.4,Available,0,0,0,0.0,0.1
McArthur,CRY,MID,4.6,Available,511,17,1,2.8,3.9
Benteke,CRY,FWD,6.3,Available,378,12,0,2.0,0.8
Kouyaté,CRY,DEF,4.5,Available,435,17,1,2.8,0.8
Kelly,CRY,DEF,3.9,Available,0,0,0,0.0,0.9
Milivojevic,CRY,MID,5.4,Available,94,4,0,2.0,0.0
Ayew,CRY,FWD,5.9,Available,462,11,0,1.8,0.5
Zaha,CRY,MID,6.9,Available,540,29,3,4.8,6.9
Schlupp,CRY,MID,5.4,Available,129,6,0,1.5,0.0
Butland,CRY,GKP,4.4,Available,0,0,0,0.0,0.4
Riedewald,CRY,MID,4.9,Available,101,3,0,1.5,0.0
Jach,CRY,DEF,4.4,Available,0,0,0,0.0,0.0
Mateta,CRY,FWD,5.3,Available,56,1,0,1.0,0.1
Eze,CRY,MID,5.9,Injured,0,0,0,0.0,0.0
Ferguson,CRY,DEF,4.5,Injured,0,0,0,0.0,0.0
Mitchell,CRY,DEF,4.5,Available,540,17,0,2.8,0.7
Hughes,CRY,MID,4.8,Available,0,0,0,0.0,0.0
Olise,CRY,MID,5.4,Available,12,2,0,1.0,0.0
Ward,CRY,DEF,4.5,Available,540,15,0,2.5,0.3
Guéhi,CRY,DEF,4.5,Available,540,17,0,2.8,0.4
Andersen,CRY,DEF,4.5,Available,483,17,1,2.8,0.5
Clyne,CRY,DEF,4.4,Available,0,0,0,0.0,0.1
Hannam,CRY,DEF,4.0,Available,0,0,0,0.0,0.1
Rak-Sakyi,CRY,MID,4.5,Available,13,1,0,1.0,0.0
Street,CRY,FWD,4.5,Available,0,0,0,0.0,1.4
Banks,CRY,MID,4.5,Available,0,0,0,0.0,0.0
Matthews,CRY,GKP,4.0,Available,0,0,0,0.0,0.2
Edouard,CRY,FWD,6.5,Available,102,15,3,5.0,2.8
Delph,EVE,MID,4.4,Injured,7,1,0,1.0,0.4
Sigurdsson,EVE,MID,6.8,Available,0,0,0,0.0,0.9
Coleman,EVE,DEF,4.9,Injured,360,14,1,3.5,0.4
James,EVE,MID,6.9,NotAvail,0,0,0,0.0,0.6
Bernard,EVE,MID,5.5,NotAvail,0,0,0,0.0,0.0
Digne,EVE,DEF,5.3,Available,630,16,0,2.3,8.7
Keane,EVE,DEF,5.0,Available,630,29,3,4.1,2.9
Pickford,EVE,GKP,5.0,Available,540,21,0,3.5,5.2
Allan,EVE,MID,4.6,Available,612,24,2,3.4,6.9
André Gomes,EVE,MID,4.9,Injured,65,3,0,1.0,0.1
Doucouré,EVE,MID,5.6,Available,630,43,8,6.1,5.3
Iwobi,EVE,MID,5.9,Doubtful,284,13,0,2.2,0.2
Mina,EVE,DEF,4.9,Available,457,12,0,2.0,0.5
Davies,EVE,MID,4.9,Available,34,3,0,1.0,0.1
Calvert-Lewin,EVE,FWD,8.0,Injured,248,23,5,7.7,3.8
Holgate,EVE,DEF,4.4,Available,180,8,0,4.0,0.6
Godfrey,EVE,DEF,4.8,Available,319,10,0,2.5,0.5
Richarlison,EVE,FWD,7.4,Injured,348,16,3,4.0,4.5
Virgínia,EVE,GKP,4.0,NotAvail,0,0,0,0.0,1.3
Begović,EVE,GKP,4.0,Available,90,1,0,1.0,3.6
Townsend,EVE,MID,5.5,Available,519,43,8,6.1,4.0
Gray,EVE,MID,5.8,Available,593,36,2,5.1,19.1
Kenny,EVE,DEF,4.5,Available,10,1,0,1.0,0.1
Gordon,EVE,MID,4.5,Available,104,4,0,1.0,0.1
Gbamin,EVE,MID,4.5,Available,0,0,0,0.0,0.0
Branthwaite,EVE,DEF,4.0,Available,0,0,0,0.0,0.2
Broadhead,EVE,FWD,4.5,NotAvail,0,0,0,0.0,0.0
Kean,EVE,FWD,6.0,NotAvail,1,1,0,1.0,0.0
Nkounkou,EVE,DEF,4.0,NotAvail,0,0,0,0.0,0.0
Lonergan,EVE,GKP,4.0,Available,0,0,0,0.0,0.1
Rondón,EVE,FWD,6.0,Available,251,7,0,1.8,0.2
Simms,EVE,FWD,4.5,Available,0,0,0,0.0,0.1
Dobbin,EVE,FWD,4.5,Available,2,2,0,1.0,0.2
Whitaker,EVE,MID,4.5,Available,0,0,0,0.0,0.0
Schmeichel,LEI,GKP,5.1,Available,540,20,2,3.3,18.9
Evans,LEI,DEF,5.4,Doubtful,29,1,0,1.0,0.1
Albrighton,LEI,MID,5.4,Available,180,9,1,4.5,0.2
Mendy,LEI,MID,4.4,Doubtful,0,0,0,0.0,1.9
Ward,LEI,GKP,4.0,Available,0,0,0,0.0,5.0
Vardy,LEI,FWD,10.4,Available,530,40,8,6.7,13.2
Praet,LEI,MID,4.9,NotAvail,0,0,0,0.0,0.0
Pereira,LEI,DEF,5.5,Available,325,16,3,3.2,3.5
Amartey,LEI,DEF,4.0,Available,270,8,0,2.7,12.2
Castagne,LEI,DEF,5.3,Available,236,6,0,1.5,0.7
Tielemans,LEI,MID,6.4,Available,540,26,2,4.3,4.4
Pérez,LEI,MID,5.8,Available,100,1,0,0.5,0.1
Maddison,LEI,MID,6.7,Available,356,11,0,1.8,4.3
Iheanacho,LEI,FWD,7.0,Available,110,9,0,1.5,2.3
Choudhury,LEI,MID,4.5,Available,0,0,0,0.0,0.1
Barnes,LEI,MID,6.7,Available,452,12,0,2.0,3.9
Ndidi,LEI,MID,4.9,Doubtful,540,12,0,2.0,1.3
Söyüncü,LEI,DEF,5.0,Available,540,11,0,1.8,2.3
Justin,LEI,DEF,4.9,Injured,0,0,0,0.0,0.0
Thomas,LEI,DEF,4.5,Available,270,9,1,3.0,0.8
Fofana,LEI,DEF,4.4,Injured,0,0,0,0.0,0.3
Vestergaard,LEI,DEF,4.9,Available,268,8,0,2.0,0.9
Daka,LEI,FWD,7.1,Available,26,1,0,1.0,0.4
Soumaré,LEI,MID,4.8,Available,172,6,0,1.5,0.1
Bertrand,LEI,DEF,4.9,Available,247,4,0,1.3,0.6
Dewsbury-Hall,LEI,MID,4.5,Available,4,1,0,1.0,0.0
Jakupovic,LEI,GKP,4.0,Available,0,0,0,0.0,0.1
Lookman,LEI,MID,6.0,Available,139,5,1,1.7,0.1
Hernández,LEE,MID,5.5,NotAvail,0,0,0,0.0,0.0
Casilla,LEE,GKP,4.5,NotAvail,0,0,0,0.0,0.0
Cooper,LEE,DEF,4.5,Available,630,14,1,2.0,0.4
Ayling,LEE,DEF,4.5,Injured,448,12,0,2.4,7.2
Klich,LEE,MID,5.5,Available,419,21,3,4.2,0.7
Rodrigo,LEE,FWD,6.3,Available,432,8,0,1.3,1.1
Dallas,LEE,MID,5.3,Doubtful,617,18,0,2.6,7.1
Bamford,LEE,FWD,7.8,Injured,436,21,2,4.2,5.9
Llorente,LEE,DEF,4.5,Available,187,17,3,5.7,0.1
Phillips,LEE,MID,4.9,Available,540,12,0,2.0,1.9
Costa,LEE,MID,5.4,NotAvail,21,1,0,1.0,0.1
Roberts,LEE,MID,4.9,Available,167,6,0,0.9,0.1
Koch,LEE,DEF,4.4,Injured,90,0,0,0.0,0.1
Poveda,LEE,MID,4.5,NotAvail,0,0,0,0.0,0.0
Raphinha,LEE,MID,6.6,Available,584,31,3,4.4,19.3
Shackleton,LEE,MID,4.5,Available,236,11,0,2.2,0.2
Struijk,LEE,DEF,4.4,Available,297,0,0,0.0,0.2
Meslier,LEE,GKP,5.0,Available,630,19,0,2.7,2.9
Harrison,LEE,MID,5.8,Available,360,9,0,1.8,1.4
James,LEE,MID,6.0,Available,343,10,0,1.7,0.5
Firpo,LEE,DEF,4.8,Available,464,8,2,1.3,0.5
Klaesson,LEE,GKP,4.4,Available,0,0,0,0.0,0.1
Greenwood,LEE,FWD,4.5,Available,0,0,0,0.0,2.1
Summerville,LEE,MID,4.5,Doubtful,24,2,0,1.0,0.1
Forshaw,LEE,MID,4.5,Injured,0,0,0,0.0,0.0
Drameh,LEE,DEF,4.0,Available,0,0,0,0.0,0.1
Cresswell,LEE,DEF,4.0,Available,90,1,0,1.0,0.4
McCarron,LEE,MID,4.5,Available,0,0,0,0.0,0.0
Gelhardt,LEE,FWD,4.5,Available,0,0,0,0.0,0.3
Kenneh,LEE,MID,4.5,Available,0,0,0,0.0,0.0
McKinstry,LEE,MID,4.5,Available,0,0,0,0.0,0.0
Hjelde,LEE,DEF,4.0,Available,0,0,0,0.0,0.0
Milner,LIV,MID,4.9,Available,180,5,0,2.5,0.1
Henderson,LIV,MID,5.0,Available,367,15,2,3.0,1.0
Adrián,LIV,GKP,4.4,Available,0,0,0,0.0,0.2
Matip,LIV,DEF,5.0,Available,450,21,0,4.2,3.4
Thiago,LIV,MID,5.3,Injured,176,12,1,3.0,0.5
Shaqiri,LIV,MID,5.9,NotAvail,0,0,0,0.0,0.0
Chamberlain,LIV,MID,5.8,Available,68,4,0,2.0,0.1
Firmino,LIV,FWD,8.8,Available,102,10,2,2.5,2.0
van Dijk,LIV,DEF,6.6,Available,540,34,4,5.7,17.0
Mané,LIV,MID,11.9,Available,540,34,0,5.7,2.6
Alisson,LIV,GKP,6.0,Available,540,34,4,5.7,8.7
Fabinho,LIV,MID,5.4,Available,389,18,0,3.6,0.9
Salah,LIV,MID,12.6,Available,540,57,8,9.5,59.4
Robertson,LIV,DEF,7.0,Available,265,12,1,4.0,2.0
Origi,LIV,FWD,4.9,Available,2,1,0,1.0,1.1
Minamino,LIV,MID,5.2,Available,0,0,0,0.0,0.1
Alexander-Arnold,LIV,DEF,7.5,Injured,450,35,8,7.0,23.4
Gomez,LIV,DEF,4.8,Available,1,1,0,1.0,0.5
Keita,LIV,MID,5.0,Available,191,13,0,3.2,0.2
Jota,LIV,MID,7.6,Available,433,30,0,5.0,17.8
Phillips,LIV,DEF,4.3,Available,0,0,0,0.0,0.2
Kelleher,LIV,GKP,4.4,Available,0,0,0,0.0,0.1
Konaté,LIV,DEF,5.2,Available,90,6,0,6.0,1.2
Jones,LIV,MID,5.0,Available,81,9,1,4.5,0.2
Tsimikas,LIV,DEF,4.0,Available,274,23,2,5.8,17.6
N.Williams,LIV,DEF,3.9,Available,0,0,0,0.0,0.7
R.Williams,LIV,DEF,4.4,NotAvail,0,0,0,0.0,0.0
Davies,LIV,DEF,4.0,NotAvail,0,0,0,0.0,0.2
Elliott,LIV,MID,5.4,Injured,249,9,0,2.2,0.1
Woodburn,LIV,MID,4.5,NotAvail,0,0,0,0.0,0.0
Grealish,MCI,MID,8.0,Available,520,24,0,4.0,17.9
Walker,MCI,DEF,5.5,Available,405,26,1,5.2,6.6
Gündogan,MCI,MID,7.2,Injured,428,19,1,3.8,2.6
De Bruyne,MCI,MID,11.9,Available,116,5,0,1.7,1.7
Stones,MCI,DEF,5.3,Available,0,0,0,0.0,3.2
Mendy,MCI,DEF,5.3,NotAvail,78,3,1,3.0,0.4
Mahrez,MCI,MID,8.7,Available,154,14,0,2.8,2.5
Sterling,MCI,MID,10.7,Available,249,14,0,2.3,1.4
Cancelo,MCI,DEF,6.1,Available,540,44,6,7.3,15.8
Ederson,MCI,GKP,6.0,Available,540,34,2,5.7,10.0
Aké,MCI,DEF,4.9,Available,180,8,0,4.0,0.5
Laporte,MCI,DEF,5.5,Available,360,30,2,7.5,3.4
Steffen,MCI,GKP,4.5,Available,0,0,0,0.0,0.2
Bernardo,MCI,MID,6.9,Available,398,23,2,4.6,1.7
Dias,MCI,DEF,6.1,Available,540,39,5,6.5,28.0
Jesus,MCI,FWD,8.6,Available,409,36,8,6.0,6.9
Zinchenko,MCI,DEF,5.3,Injured,56,2,0,1.0,0.8
Foden,MCI,MID,7.9,Available,104,4,0,2.0,0.9
Rodrigo,MCI,MID,5.5,Available,360,15,0,3.8,0.6
Torres,MCI,MID,7.0,Available,303,26,2,6.5,8.7
Fernandinho,MCI,MID,4.9,Available,163,7,0,1.8,0.4
Palmer,MCI,MID,4.5,Available,21,1,0,1.0,0.1
Edozie,MCI,MID,4.9,Available,0,0,0,0.0,0.0
Doyle,MCI,MID,4.5,NotAvail,0,0,0,0.0,0.0
Carson,MCI,GKP,4.0,Available,0,0,0,0.0,0.4
Mbete,MCI,DEF,4.0,Available,0,0,0,0.0,0.0
Wilson-Esbrand,MCI,DEF,4.0,Available,0,0,0,0.0,0.0
Lavia,MCI,MID,4.5,Available,0,0,0,0.0,0.0
Cavani,MUN,FWD,8.4,Available,101,3,0,1.0,1.9
de Gea,MUN,GKP,5.1,Available,630,28,2,4.0,6.6
Matic,MUN,MID,4.5,Available,198,9,0,2.2,0.4
Pogba,MUN,MID,7.8,Available,526,36,4,5.1,21.8
Maguire,MUN,DEF,5.4,Injured,516,21,2,3.5,6.8
Fred,MUN,MID,5.0,Available,501,14,0,2.3,0.5
Shaw,MUN,DEF,5.4,Available,573,20,2,2.9,28.7
Lingard,MUN,MID,6.9,Available,45,14,1,4.7,1.3
Fernandes,MUN,MID,11.9,Available,624,38,4,5.4,27.0
Martial,MUN,FWD,7.6,Doubtful,152,11,2,2.2,0.6
Telles,MUN,DEF,5.0,Available,0,0,0,0.0,0.1
Henderson,MUN,GKP,4.8,Available,0,0,0,0.0,0.5
Rashford,MUN,MID,9.4,Injured,0,0,0,0.0,0.1
van de Beek,MUN,MID,5.7,Available,5,1,0,1.0,0.1
Lindelöf,MUN,DEF,4.8,Available,293,10,0,2.5,0.5
McTominay,MUN,MID,5.4,Available,343,10,0,2.0,0.2
Bailly,MUN,DEF,4.9,Available,0,0,0,0.0,0.1
Wan-Bissaka,MUN,DEF,5.4,Available,630,20,2,2.9,6.1
Greenwood,MUN,MID,7.7,Available,605,36,4,5.1,15.9
Mata,MUN,MID,4.8,Available,0,0,0,0.0,0.1
Sancho,MUN,MID,9.0,Available,232,9,0,1.5,2.0
Heaton,MUN,GKP,4.0,Available,0,0,0,0.0,0.5
Dalot,MUN,DEF,4.4,Available,57,1,0,0.5,0.1
Pereira,MUN,MID,5.0,NotAvail,0,0,0,0.0,0.0
Elanga,MUN,MID,4.9,Available,0,0,0,0.0,0.0
Varane,MUN,DEF,5.5,Available,450,20,3,4.0,4.4
Ronaldo,MUN,FWD,12.7,Available,303,22,3,5.5,47.6
Willock,NEW,MID,5.9,Doubtful,464,11,0,1.8,0.8
Shelvey,NEW,MID,5.3,Injured,69,1,0,1.0,0.0
Ritchie,NEW,DEF,5.0,Available,630,8,0,1.1,0.3
Clark,NEW,DEF,4.4,Available,443,5,0,1.0,0.1
Darlow,NEW,GKP,4.5,Available,270,11,3,3.7,0.4
Dubravka,NEW,GKP,4.4,Injured,0,0,0,0.0,0.1
Wilson,NEW,FWD,7.3,Injured,242,16,3,5.3,0.9
Hendrick,NEW,MID,4.8,Available,59,7,0,3.5,0.0
Fraser,NEW,MID,5.4,Available,55,7,0,1.8,0.1
Lascelles,NEW,DEF,4.4,Injured,360,3,0,0.8,0.2
Gayle,NEW,FWD,5.3,Available,20,2,0,1.0,0.2
Dummett,NEW,DEF,4.5,Injured,0,0,0,0.0,0.0
Manquillo,NEW,DEF,4.0,Available,315,13,0,3.2,9.0
Krafth,NEW,DEF,4.4,Available,93,1,0,0.5,0.1
Murphy,NEW,MID,5.0,Available,315,17,0,2.4,0.8
Schär,NEW,DEF,4.4,Available,180,0,0,0.0,0.2
Hayden,NEW,MID,4.5,Available,495,10,0,1.7,0.1
Saint-Maximin,NEW,FWD,6.8,Available,630,37,7,5.3,16.6
Almirón,NEW,MID,5.4,Available,575,13,0,1.9,0.4
S.Longstaff,NEW,MID,4.5,Available,501,18,1,2.6,0.7
Joelinton,NEW,FWD,5.8,Available,398,14,0,2.0,0.4
Lewis,NEW,DEF,4.3,Available,6,1,0,1.0,0.1
M.Longstaff,NEW,MID,4.5,NotAvail,0,0,0,0.0,0.1
Fernández,NEW,DEF,4.4,Available,437,5,0,1.0,0.2
Woodman,NEW,GKP,4.5,Injured,360,9,0,2.2,0.5
Gillespie,NEW,GKP,4.0,Available,0,0,0,0.0,0.3
White,NEW,MID,4.5,Available,0,0,0,0.0,0.1
Anderson,NEW,MID,4.5,Available,0,0,0,0.0,0.0
Gilmour,NOR,MID,4.5,Available,348,9,1,2.2,6.3
Williams,NOR,DEF,4.0,Available,355,3,0,0.8,6.7
McGovern,NOR,GKP,4.0,Available,0,0,0,0.0,0.7
Krul,NOR,GKP,4.5,Available,630,16,2,2.3,1.3
Pukki,NOR,FWD,5.9,Available,573,23,1,3.3,5.2
Stiepermann,NOR,MID,5.0,NotAvail,0,0,0,0.0,0.0
Rupp,NOR,MID,4.5,Available,241,7,0,1.4,0.1
McLean,NOR,MID,4.9,Available,495,12,0,2.0,0.0
Hanley,NOR,DEF,4.4,Available,630,12,1,1.7,0.1
Hernández,NOR,MID,4.9,NotAvail,0,0,0,0.0,0.0
Byram,NOR,DEF,4.4,Injured,0,0,0,0.0,0.0
Hugill,NOR,FWD,5.4,NotAvail,0,0,0,0.0,0.0
Dowell,NOR,MID,5.3,Available,65,4,0,2.0,0.0
Zimmermann,NOR,DEF,4.4,Injured,0,0,0,0.0,0.1
Cantwell,NOR,MID,5.3,Injured,313,6,0,1.2,0.3
Aarons,NOR,DEF,4.4,Available,630,12,2,1.7,1.5
Sørensen,NOR,DEF,4.4,Available,0,0,0,0.0,0.1
Placheta,NOR,MID,4.9,Injured,0,0,0,0.0,0.0
Idah,NOR,FWD,5.0,Available,37,5,0,1.0,0.4
Martin,NOR,MID,5.0,NotAvail,0,0,0,0.0,0.0
Omobamidele,NOR,DEF,3.9,Available,90,2,0,2.0,4.2
Gunn,NOR,GKP,4.0,Available,0,0,0,0.0,1.7
Rashica,NOR,MID,5.3,Available,395,11,0,1.6,0.1
Gibson,NOR,DEF,4.4,Available,450,9,0,1.8,0.1
Giannoulis,NOR,DEF,4.4,Available,229,8,0,2.0,0.1
Lees-Melou,NOR,MID,5.0,Available,511,14,0,2.3,0.1
Mumba,NOR,DEF,4.0,Available,45,0,0,0.0,0.3
Sargent,NOR,FWD,5.4,Available,291,9,0,1.5,0.1
Tzolis,NOR,MID,5.0,Available,109,4,0,1.3,0.1
Kabak,NOR,DEF,4.5,Available,248,8,0,2.7,0.0
Normann,NOR,MID,4.5,Available,227,9,0,3.0,0.1
Walcott,SOU,MID,5.8,Available,169,4,0,1.3,0.1
Forster,SOU,GKP,4.4,Available,0,0,0,0.0,0.8
McCarthy,SOU,GKP,4.5,Available,630,23,0,3.3,2.0
Romeu,SOU,MID,4.5,Available,578,12,0,1.7,0.6
Redmond,SOU,MID,5.9,Available,368,12,0,2.0,0.1
Stephens,SOU,DEF,4.4,Injured,396,9,0,1.8,0.1
S.Armstrong,SOU,MID,5.8,Available,0,0,0,0.0,0.1
Ward-Prowse,SOU,MID,6.4,Suspended,616,24,2,3.4,3.0
Walker-Peters,SOU,DEF,4.8,Available,354,9,0,1.8,0.5
Bednarek,SOU,DEF,4.4,Available,315,13,3,3.2,0.7
Nlundulu,SOU,FWD,4.5,NotAvail,0,0,0,0.0,0.0
Adams,SOU,FWD,6.9,Available,380,16,0,3.2,1.1
Tella,SOU,MID,4.8,Available,82,3,0,1.5,0.1
Smallbone,SOU,MID,4.5,Doubtful,0,0,0,0.0,0.0
Obafemi,SOU,FWD,4.5,NotAvail,0,0,0,0.0,4.8
Diallo,SOU,MID,4.5,Available,114,5,0,1.0,0.1
Djenepo,SOU,MID,5.4,Available,349,7,0,1.2,0.1
Salisu,SOU,DEF,4.5,Available,593,15,3,2.1,0.2
Perraud,SOU,DEF,4.9,Available,254,10,0,2.5,0.1
Livramento,SOU,DEF,4.2,Available,625,21,0,3.0,12.7
Elyounoussi,SOU,MID,5.5,Available,363,17,1,3.4,0.2
Broja,SOU,FWD,5.0,Available,83,4,0,1.0,0.5
Long,SOU,FWD,5.4,Available,16,1,0,1.0,0.1
A.Armstrong,SOU,FWD,6.0,Available,613,21,0,3.0,2.6
Valery,SOU,DEF,4.0,Available,0,0,0,0.0,0.5
Lyanco,SOU,DEF,4.5,Available,0,0,0,0.0,0.0
Hart,TOT,GKP,4.5,NotAvail,0,0,0,0.0,0.0
Lloris,TOT,GKP,5.6,Available,540,33,6,5.5,9.7
Alderweireld,TOT,DEF,5.0,NotAvail,0,0,0,0.0,0.0
Lamela,TOT,MID,6.0,NotAvail,0,0,0,0.0,0.0
Kane,TOT,FWD,12.1,Available,378,7,0,1.4,5.1
Aurier,TOT,DEF,4.9,NotAvail,0,0,0,0.0,0.2
Son,TOT,MID,10.0,Available,428,32,4,6.4,12.2
Doherty,TOT,DEF,4.7,Available,7,1,0,1.0,0.3
Dier,TOT,DEF,4.6,Available,461,23,2,3.8,5.9
Lucas Moura,TOT,MID,6.4,Available,358,9,0,1.8,0.6
Dele,TOT,MID,6.5,Available,495,19,1,3.2,2.1
Davies,TOT,DEF,4.4,Doubtful,30,0,0,0.0,0.2
Højbjerg,TOT,MID,4.9,Available,539,14,0,2.3,1.9
Winks,TOT,MID,4.5,Available,60,2,0,1.0,1.3
Sánchez,TOT,DEF,4.5,Available,367,21,2,4.2,1.8
Sessegnon,TOT,DEF,4.3,Injured,0,0,0,0.0,0.1
Bergwijn,TOT,MID,5.9,Injured,233,15,0,5.0,0.4
Reguilón,TOT,DEF,5.1,Available,540,28,4,4.7,10.8
Tanganga,TOT,DEF,4.6,Available,364,14,0,2.8,2.1
Lo Celso,TOT,MID,5.9,Available,97,4,0,1.3,0.1
Skipp,TOT,MID,4.5,Available,433,10,0,1.7,1.4
Rodon,TOT,DEF,4.4,Available,78,1,0,1.0,0.1
Ndombele,TOT,MID,5.8,Available,130,4,0,2.0,0.2
Gollini,TOT,GKP,4.4,Available,0,0,0,0.0,0.2
Bryan,TOT,MID,5.8,Available,50,3,0,1.0,0.1
Romero,TOT,DEF,4.9,Available,83,2,0,1.0,0.3
Scarlett,TOT,FWD,4.5,Available,0,0,0,0.0,3.4
Emerson Royal,TOT,DEF,5.0,Available,225,3,0,1.0,0.2
Markanday,TOT,MID,4.5,Available,0,0,0,0.0,0.0
Omole,TOT,DEF,4.0,Available,0,0,0,0.0,0.1
Sissoko,WAT,MID,4.5,Available,430,9,0,1.8,3.0
Foster,WAT,GKP,4.0,Available,270,8,0,2.7,21.2
Rose,WAT,DEF,4.3,Available,360,5,0,1.2,0.3
Gosling,WAT,MID,4.8,Available,21,1,0,1.0,0.0
Cathcart,WAT,DEF,4.4,Available,384,5,0,1.0,0.1
Deeney,WAT,FWD,5.4,NotAvail,23,2,0,1.0,0.5
Cleverley,WAT,MID,5.0,Available,313,11,0,2.2,0.1
Femenía,WAT,DEF,4.4,Available,214,7,0,2.3,0.1
Gray,WAT,FWD,5.4,NotAvail,0,0,0,0.0,0.1
Kabasele,WAT,DEF,4.4,Available,202,3,0,1.0,0.1
Chalobah,WAT,MID,5.0,NotAvail,0,0,0,0.0,0.0
Troost-Ekong,WAT,DEF,4.5,Available,630,10,0,1.4,0.2
Perica,WAT,FWD,4.5,NotAvail,0,0,0,0.0,1.2
Bachmann,WAT,GKP,4.5,Available,360,8,0,2.0,1.8
Masina,WAT,DEF,4.4,Available,270,4,0,1.3,0.1
Sema,WAT,MID,5.3,Available,242,6,0,1.2,0.0
Zinckernagel,WAT,MID,5.5,NotAvail,0,0,0,0.0,0.0
Success,WAT,FWD,5.0,NotAvail,0,0,0,0.0,0.2
Dele-Bashiru,WAT,MID,4.5,NotAvail,0,0,0,0.0,0.0
Fletcher,WAT,FWD,4.9,Available,0,0,0,0.0,0.2
Sierralta,WAT,DEF,4.3,Doubtful,247,3,0,1.0,0.1
Quina,WAT,MID,4.5,NotAvail,0,0,0,0.0,0.0
Navarro,WAT,DEF,4.0,NotAvail,0,0,0,0.0,0.3
Sarr,WAT,MID,6.3,Available,630,40,7,5.7,18.7
Ngakia,WAT,DEF,4.4,Available,183,4,0,1.0,0.0
Wilmot,WAT,DEF,4.5,NotAvail,0,0,0,0.0,0.0
Hungbo,WAT,MID,4.5,NotAvail,0,0,0,0.0,0.0
Louza,WAT,MID,5.3,Available,45,1,0,1.0,0.0
João Pedro,WAT,FWD,5.4,Available,57,2,0,1.0,0.1
Baah,WAT,MID,4.5,Available,0,0,0,0.0,0.1
Dennis,WAT,FWD,5.3,Available,571,24,3,3.4,11.1
Pollock,WAT,DEF,4.0,NotAvail,0,0,0,0.0,0.4
Etebo,WAT,MID,4.5,Injured,369,7,0,1.2,0.3
King,WAT,FWD,5.5,Doubtful,366,20,2,3.3,1.0
Mebude,WAT,FWD,4.5,NotAvail,0,0,0,0.0,0.1
Cucho,WAT,FWD,5.0,Available,131,9,1,2.2,1.8
Kucka,WAT,MID,5.5,Available,491,12,0,2.0,0.0
Tufan,WAT,MID,5.0,Available,103,2,0,1.0,0.0
Elliot,WAT,GKP,4.0,Available,0,0,0,0.0,0.8
Zouma,WHU,DEF,5.4,Available,180,3,0,1.5,1.2
Noble,WHU,MID,4.5,Available,3,0,0,0.0,0.6
Randolph,WHU,GKP,4.4,Available,0,0,0,0.0,0.2
Fabianski,WHU,GKP,5.0,Available,540,16,0,2.7,2.0
Ogbonna,WHU,DEF,5.0,Available,540,16,3,2.7,0.3
Reid,WHU,DEF,4.0,NotAvail,0,0,0,0.0,1.3
Cresswell,WHU,DEF,5.5,Available,540,25,3,4.2,15.5
Yarmolenko,WHU,MID,5.3,Available,35,6,0,1.0,0.1
Antonio,WHU,FWD,8.0,Available,448,47,11,9.4,45.5
Dawson,WHU,DEF,5.0,Available,361,11,0,2.2,0.3
Fredericks,WHU,DEF,4.4,Doubtful,2,1,0,1.0,0.1
Lanzini,WHU,MID,5.8,Available,13,2,0,1.0,0.1
Masuaku,WHU,DEF,4.4,Available,0,0,0,0.0,0.0
Coufal,WHU,DEF,5.0,Doubtful,540,16,0,2.7,7.4
Benrahma,WHU,MID,6.6,Available,503,42,8,7.0,37.4
Bowen,WHU,MID,6.3,Available,519,19,0,3.2,0.9
Rice,WHU,MID,5.0,Available,540,19,2,3.2,4.7
Soucek,WHU,MID,5.9,Available,540,19,1,3.2,6.1
Fornals,WHU,MID,6.0,Available,523,26,1,4.3,2.9
Diop,WHU,DEF,4.3,Available,0,0,0,0.0,0.3
Johnson,WHU,DEF,4.0,Available,1,1,0,1.0,1.9
Areola,WHU,GKP,4.8,Available,0,0,0,0.0,0.8
Alves,WHU,DEF,4.0,NotAvail,0,0,0,0.0,0.2
Coventry,WHU,MID,4.5,NotAvail,0,0,0,0.0,0.1
Baptiste,WHU,DEF,4.0,Available,0,0,0,0.0,0.3
Vlasic,WHU,MID,6.0,Available,106,4,0,1.3,0.1
Kral,WHU,MID,4.5,Available,0,0,0,0.0,0.1
Moutinho,WOL,MID,5.0,Available,586,17,1,2.4,0.7
Patrício,WOL,GKP,5.0,NotAvail,0,0,0,0.0,0.0
Boly,WOL,DEF,4.9,Available,0,0,0,0.0,0.1
Coady,WOL,DEF,4.5,Available,626,20,0,2.9,6.5
Jiménez,WOL,FWD,7.5,Available,630,26,4,3.7,5.7
Saïss,WOL,DEF,5.0,Available,578,19,1,2.7,1.0
Marçal,WOL,DEF,4.6,Available,611,28,3,4.0,8.0
Jonny,WOL,DEF,4.5,Injured,0,0,0,0.0,0.0
Dendoncker,WOL,MID,4.8,Available,136,6,0,1.5,0.1
Traoré,WOL,MID,6.0,Available,456,13,0,1.9,3.4
Neves,WOL,MID,5.4,Available,542,12,0,1.7,1.1
Semedo,WOL,DEF,4.9,Available,527,19,0,3.2,3.7
Podence,WOL,MID,5.5,Available,117,6,0,1.5,0.1
Kilman,WOL,DEF,4.5,Available,630,20,0,2.9,0.4
Gibbs-White,WOL,MID,4.5,NotAvail,7,1,0,0.5,0.2
Neto,WOL,MID,6.4,Injured,0,0,0,0.0,0.0
Otasowie,WOL,MID,4.5,NotAvail,0,0,0,0.0,0.1
Hoever,WOL,DEF,4.0,Available,93,2,0,1.0,2.2
Söndergaard,WOL,GKP,4.0,NotAvail,0,0,0,0.0,1.0
Fabio Silva,WOL,FWD,5.8,Available,18,4,0,1.0,0.4
Mosquera,WOL,DEF,4.5,Injured,0,0,0,0.0,0.0
Ruddy,WOL,GKP,4.4,Available,0,0,0,0.0,0.2
Trincão,WOL,MID,5.9,Available,474,14,0,2.3,0.8
Ait Nouri,WOL,DEF,4.3,Available,6,1,0,1.0,0.2
Sá,WOL,GKP,5.0,Available,630,30,3,4.3,2.6
Cutrone,WOL,FWD,5.0,NotAvail,0,0,0,0.0,0.1
Cundle,WOL,MID,4.5,Available,0,0,0,0.0,0.1
Campbell,WOL,MID,4.5,Available,0,0,0,0.0,0.3
Marques,WOL,DEF,4.0,NotAvail,0,0,0,0.0,0.3
Hwang,WOL,FWD,5.5,Available,249,24,6,6.0,2.3
Moulden,WOL,GKP,4.0,Available,0,0,0,0.0,0.1
