,Player,Team,Appearances,Mins,Goals,Assists,xGoals,xAssists,xGoals per 90,xAssists per 90,games back,date data gathered
0,Mohamed Salah,Liverpool ,3,270,5,3,2.89-2.11,1.50-1.50,0.96,0.50,2,02/10/2021 
1,Joshua King,Watford ,2,135,3,0,2.08-0.92,0.02+0.02,1.39,0.01,2,02/10/2021 
2,Roberto Firmino,Liverpool ,3,193,3,1,2.40-0.60,0.56-0.44,1.12,0.26,2,02/10/2021 
3,Ben Chilwell,Chelsea ,3,270,3,0,0.72-2.28,0.25+0.25,0.24,0.08,2,02/10/2021 
4,Phil Foden,Manchester City ,3,270,3,1,2.04-0.96,0.60-0.40,0.68,0.20,2,02/10/2021 
5,Mason Mount,Chelsea ,3,134,3,1,1.61-1.39,1.24+0.24,1.08,0.83,2,02/10/2021 
6,Hee-Chan Hwang,Wolverhampton Wanderers ,3,270,3,0,0.89-2.11,0.58+0.58,0.30,0.19,2,02/10/2021 
7,Pierre-Emerick Aubameyang,Arsenal ,3,253,2,1,2.20+0.20,0.30-0.70,0.78,0.11,2,02/10/2021 
8,Kevin De Bruyne,Manchester City ,3,189,2,0,0.46-1.54,1.02+1.02,0.22,0.48,2,02/10/2021 
9,Callum Wilson,Newcastle United ,2,175,2,0,1.02-0.98,0.04+0.04,0.52,0.02,2,02/10/2021 
10,Christian Benteke,Crystal Palace ,3,183,2,0,2.07+0.07,0.17+0.17,1.02,0.08,2,02/10/2021 
11,Jamie Vardy,Leicester ,3,228,2,0,0.67-1.33,0.17+0.17,0.27,0.07,2,02/10/2021 
12,Sadio Mané,Liverpool ,3,188,2,0,1.24-0.76,0.00,0.60,0.00,2,02/10/2021 
13,Maxwel Cornet,Burnley ,2,140,2,0,0.72-1.28,0.04+0.04,0.46,0.02,2,02/10/2021 
14,Youri Tielemans,Leicester ,3,270,2,0,0.16-1.84,0.47+0.47,0.05,0.16,2,02/10/2021 
15,Armando Broja ,Southampton,2,162,2,0,1.11-0.89,0.06+0.06,0.62,0.03,2,02/10/2021 
16,Timo Werner,Chelsea ,2,180,1,0,1.44+0.44,0.00,0.72,0.00,2,02/10/2021 
17,Ilkay Gündogan,Manchester City ,1,77,1,0,0.97-0.03,0.36+0.36,1.13,0.42,2,02/10/2021 
18,Pierre-Emile Højbjerg,Tottenham ,3,270,1,1,0.10-0.90,0.29-0.71,0.03,0.10,2,02/10/2021 
19,Son Heung-Min,Tottenham ,3,270,1,1,1.55+0.55,0.50-0.50,0.52,0.17,2,02/10/2021 
20,Angelo Ogbonna,West Ham ,3,270,1,0,0.61-0.39,0.00,0.20,0.00,2,02/10/2021 
21,Michail Antonio,West Ham ,3,270,1,0,1.66+0.66,0.59+0.59,0.55,0.20,2,02/10/2021 
22,Anthony Martial,Manchester United ,1,58,1,0,0.42-0.58,0.00,0.65,0.00,2,02/10/2021 
23,Marcus Rashford,Manchester United ,2,88,1,0,0.33-0.67,0.00,0.34,0.00,2,02/10/2021 
24,Kelechi Iheanacho,Leicester ,3,244,1,1,0.50-0.50,0.26-0.74,0.18,0.10,2,02/10/2021 
25,Harry Kane,Tottenham ,3,270,1,1,0.81-0.19,1.15+0.15,0.27,0.38,2,02/10/2021 
26,Riyad Mahrez,Manchester City ,2,91,1,0,0.73-0.27,0.13+0.13,0.72,0.13,2,02/10/2021 
27,Jeffrey Schlupp,Crystal Palace ,2,32,1,0,0.21-0.79,0.00,0.58,0.00,2,02/10/2021 
28,Andros Townsend,Everton ,3,270,1,0,0.85-0.15,0.51+0.51,0.28,0.17,2,02/10/2021 
29,James Ward-Prowse ,Southampton,1,80,1,0,0.78-0.22,0.00,0.88,0.00,2,02/10/2021 
30,Danny Ings,Aston Villa ,3,263,1,0,0.88-0.12,0.00,0.30,0.00,2,02/10/2021 
31,Tom Davies,Everton ,2,107,1,0,0.87-0.13,0.00,0.73,0.00,2,02/10/2021 
32,Juraj Kucka,Watford ,3,270,1,0,0.29-0.71,0.10+0.10,0.10,0.03,2,02/10/2021 
33,Jeff Hendrick,Newcastle United ,1,55,1,0,0.02-0.98,0.00,0.03,0.00,2,02/10/2021 
34,Jarrod Bowen,West Ham ,3,270,1,1,0.92-0.08,0.61-0.39,0.31,0.20,2,02/10/2021 
35,Diego Llorente,Leeds ,3,270,1,0,0.60-0.40,0.00,0.20,0.00,2,02/10/2021 
36,Thomas Partey,Arsenal ,3,264,1,0,1.19+0.19,0.11+0.11,0.40,0.04,2,02/10/2021 
37,Rodrigo,Leeds ,3,244,1,0,0.91-0.09,0.79+0.79,0.33,0.29,2,02/10/2021 
38,Alexandre Lacazette,Arsenal ,3,111,1,0,0.31-0.69,0.17+0.17,0.25,0.14,2,02/10/2021 
39,Romain Saiss,Wolverhampton Wanderers ,3,270,1,0,0.74-0.26,0.00,0.25,0.00,2,02/10/2021 
40,Bernardo Silva,Manchester City ,3,270,1,1,1.22+0.22,1.73+0.73,0.41,0.58,2,02/10/2021 
41,Odsonne Edouard,Crystal Palace ,3,262,1,1,0.57-0.43,0.18-0.82,0.20,0.06,2,02/10/2021 
42,Naby Keita,Liverpool ,2,159,1,1,0.49-0.51,0.81-0.19,0.28,0.46,2,02/10/2021 
43,Caglar Söyüncü,Leicester ,3,250,1,0,0.64-0.36,0.00,0.23,0.00,2,02/10/2021 
44,Yoane Wissa,Brentford ,1,3,1,0,0.08-0.92,0.00,2.45,0.00,2,02/10/2021 
45,Tanguy NDombele Alvaro,Tottenham ,3,252,1,0,0.53-0.47,0.48+0.48,0.19,0.17,2,02/10/2021 
46,Richarlison,Everton ,1,26,1,0,0.24-0.76,0.04+0.04,0.82,0.13,2,02/10/2021 
47,Zanka,Brentford ,3,270,1,0,0.14-0.86,0.08+0.08,0.05,0.03,2,02/10/2021 
48,Callum Hudson-Odoi,Chelsea ,2,139,1,0,0.43-0.57,0.20+0.20,0.28,0.13,2,02/10/2021 
49,Bryan Mbeumo,Brentford ,3,236,1,0,1.13+0.13,0.00,0.43,0.00,2,02/10/2021 
50,Trevoh Chalobah,Chelsea ,3,270,1,0,0.56-0.44,0.05+0.05,0.19,0.02,2,02/10/2021 
51,James Maddison,Leicester ,3,174,1,0,0.73-0.27,0.04+0.04,0.38,0.02,2,02/10/2021 
52,Conor Coady,Wolverhampton Wanderers ,3,270,1,0,0.59-0.41,0.00,0.20,0.00,2,02/10/2021 
53,Rúben Neves,Wolverhampton Wanderers ,3,181,1,0,0.06-0.94,0.03+0.03,0.03,0.01,2,02/10/2021 
54,Diogo Jota,Liverpool ,2,159,1,1,0.91-0.09,0.52-0.48,0.51,0.29,2,02/10/2021 
55,Emile Smith-Rowe,Arsenal ,3,270,1,1,0.33-0.67,0.64-0.36,0.11,0.21,2,02/10/2021 
56,Mason Greenwood,Manchester United ,3,225,1,0,0.34-0.66,0.36+0.36,0.14,0.14,2,02/10/2021 
57,John McGinn,Aston Villa ,3,270,1,1,0.13-0.87,0.67-0.33,0.04,0.22,2,02/10/2021 
58,Reece James,Chelsea ,2,91,1,0,0.30-0.70,0.04+0.04,0.30,0.04,2,02/10/2021 
59,Alexis Mac Allister,Brighton ,3,30,1,0,0.78-0.22,0.00,2.33,0.00,2,02/10/2021 
60,Ollie Watkins,Aston Villa ,3,270,1,0,1.57+0.57,0.04+0.04,0.52,0.01,2,02/10/2021 
61,Jacob Ramsey,Aston Villa ,3,99,1,0,0.27-0.73,0.03+0.03,0.24,0.03,2,02/10/2021 
62,Emmanuel Dennis,Watford ,3,182,1,2,0.53-0.47,0.94-1.06,0.26,0.46,2,02/10/2021 
63,Valentino Livramento ,Southampton,3,270,1,0,0.21-0.79,0.20+0.20,0.07,0.07,2,02/10/2021 
64,Patson Daka,Leicester ,2,51,1,1,1.22+0.22,1.09+0.09,2.15,1.92,2,02/10/2021 
65,Michael Olise,Crystal Palace ,3,120,1,1,0.24-0.76,1.23+0.23,0.18,0.93,2,02/10/2021 
66,Lukas Rupp,Norwich ,2,10,0,0,0.00,0.00,0.00,0.00,2,02/10/2021 
67,Joelinton,Newcastle United ,3,187,0,0,0.09+0.09,0.05+0.05,0.04,0.02,2,02/10/2021 
68,Allan Saint-Maximin,Newcastle United ,3,263,0,0,0.72+0.72,0.08+0.08,0.25,0.03,2,02/10/2021 
69,Jannik Vestergaard,Leicester ,3,111,0,0,0.00,0.07+0.07,0.00,0.05,2,02/10/2021 
70,Andreas Christensen,Chelsea ,1,90,0,0,0.00,0.00,0.00,0.00,2,02/10/2021 
71,Pascal Groß,Brighton ,3,249,0,0,0.28+0.28,0.32+0.32,0.10,0.12,2,02/10/2021 
72,Joel Matip,Liverpool ,2,180,0,0,0.01+0.01,0.07+0.07,0.01,0.04,2,02/10/2021 
73,Matt Ritchie,Newcastle United ,3,270,0,0,0.01+0.01,0.22+0.22,0.00,0.07,2,02/10/2021 
74,Adam Lallana,Brighton ,3,270,0,0,0.08+0.08,0.14+0.14,0.03,0.05,2,02/10/2021 
75,James Milner,Liverpool ,3,189,0,1,0.11+0.11,1.10+0.10,0.05,0.52,2,02/10/2021 
76,Alex Iwobi,Everton ,2,89,0,0,0.21+0.21,0.00,0.22,0.00,2,02/10/2021 
77,Theo Walcott ,Southampton,3,134,0,0,0.77+0.77,0.02+0.02,0.52,0.01,2,02/10/2021 
78,Joel Ward,Crystal Palace ,3,270,0,0,0.07+0.07,0.00,0.02,0.00,2,02/10/2021 
79,Wilfried Zaha,Crystal Palace ,2,111,0,0,0.20+0.20,0.28+0.28,0.16,0.23,2,02/10/2021 
80,James Tomkins,Crystal Palace ,1,5,0,0,0.00,0.00,0.00,0.00,2,02/10/2021 
81,Cheikhou Kouyaté,Crystal Palace ,1,20,0,0,0.00,0.00,0.00,0.00,2,02/10/2021 
82,Aaron Cresswell,West Ham ,3,270,0,1,0.00,0.68-0.32,0.00,0.23,2,02/10/2021 
83,Manuel Lanzini,West Ham ,2,6,0,0,0.00,0.00,0.00,0.00,2,02/10/2021 
84,David de Gea,Manchester United ,3,270,0,0,0.00,0.00,0.00,0.00,2,02/10/2021 
85,Jesse Lingard,Manchester United ,1,6,0,0,0.03+0.03,0.03+0.03,0.39,0.40,2,02/10/2021 
86,Nathan Aké,Manchester City ,1,90,0,0,0.00,0.00,0.00,0.00,2,02/10/2021 
87,Craig Cathcart,Watford ,2,180,0,1,0.00,0.79-0.21,0.00,0.39,2,02/10/2021 
88,Seamus Coleman,Everton ,2,180,0,0,0.04+0.04,0.17+0.17,0.02,0.08,2,02/10/2021 
89,John Stones,Manchester City ,1,90,0,0,0.00,0.00,0.00,0.00,2,02/10/2021 
90,Ross Barkley,Chelsea ,2,23,0,0,0.33+0.33,0.04+0.04,1.30,0.17,2,02/10/2021 
91,Aaron Lennon,Burnley ,1,64,0,0,0.08+0.08,0.00,0.11,0.00,2,02/10/2021 
92,Romelu Lukaku,Chelsea ,2,170,0,0,0.84+0.84,0.47+0.47,0.45,0.25,2,02/10/2021 
93,Tom Cleverley,Watford ,1,43,0,0,0.00,0.00,0.00,0.00,2,02/10/2021 
94,Jordan Henderson,Liverpool ,3,270,0,1,0.02+0.02,0.81-0.19,0.01,0.27,2,02/10/2021 
95,Fernandinho,Manchester City ,2,15,0,0,0.00,0.00,0.00,0.00,2,02/10/2021 
96,Raheem Sterling,Manchester City ,2,113,0,0,0.11+0.11,0.16+0.16,0.09,0.13,2,02/10/2021 
97,Ashley Young,Aston Villa ,1,8,0,0,0.00,0.00,0.00,0.00,2,02/10/2021 
98,James McArthur,Crystal Palace ,3,270,0,0,0.08+0.08,0.42+0.42,0.03,0.14,2,02/10/2021 
99,Alex McCarthy ,Southampton,3,270,0,0,0.00,0.00,0.00,0.00,2,02/10/2021 
100,Hugo Lloris,Tottenham ,3,270,0,0,0.00,0.18+0.18,0.00,0.06,2,02/10/2021 
101,Kyle Walker,Manchester City ,2,180,0,0,0.04+0.04,0.00,0.02,0.00,2,02/10/2021 
102,Danny Rose,Watford ,2,180,0,0,0.00,0.00,0.00,0.00,2,02/10/2021 
103,Eric Dier,Tottenham ,3,270,0,0,0.04+0.04,0.45+0.45,0.01,0.15,2,02/10/2021 
104,Ashley Westwood,Burnley ,3,270,0,1,0.04+0.04,0.21-0.79,0.01,0.07,2,02/10/2021 
105,Jordan Ayew,Crystal Palace ,2,129,0,1,0.11+0.11,0.09-0.91,0.08,0.06,2,02/10/2021 
106,Jack Grealish,Manchester City ,2,146,0,1,0.23+0.23,0.60-0.40,0.14,0.37,2,02/10/2021 
107,César Azpilicueta,Chelsea ,2,180,0,1,0.47+0.47,0.73-0.27,0.23,0.36,2,02/10/2021 
108,Ruben Loftus-Cheek,Chelsea ,3,201,0,2,0.18+0.18,1.19-0.81,0.08,0.53,2,02/10/2021 
109,Bertrand Traoré,Aston Villa ,1,8,0,0,0.00,0.00,0.00,0.00,2,02/10/2021 
110,Nemanja Matic,Manchester United ,1,84,0,0,0.01+0.01,0.01+0.01,0.01,0.02,2,02/10/2021 
111,Lukasz Fabianski,West Ham ,3,270,0,0,0.00,0.00,0.00,0.00,2,02/10/2021 
112,Federico Fernández,Newcastle United ,1,90,0,0,0.03+0.03,0.00,0.03,0.00,2,02/10/2021 
113,Jack Cork,Burnley ,2,148,0,0,0.00,0.00,0.00,0.00,2,02/10/2021 
114,Jordan Pickford,Everton ,3,270,0,0,0.00,0.00,0.00,0.00,2,02/10/2021 
115,Dwight Gayle,Newcastle United ,1,10,0,0,0.06+0.06,0.00,0.54,0.00,2,02/10/2021 
116,Kasper Schmeichel,Leicester ,3,270,0,0,0.00,0.00,0.00,0.00,2,02/10/2021 
117,N'Golo Kanté,Chelsea ,1,90,0,0,0.00,0.03+0.03,0.00,0.03,2,02/10/2021 
118,Marc Albrighton,Leicester ,1,8,0,0,0.00,0.00,0.00,0.00,2,02/10/2021 
119,Daniel Amartey,Leicester ,2,180,0,0,0.00,0.00,0.00,0.00,2,02/10/2021 
120,Demarai Gray,Everton ,3,261,0,1,0.21+0.21,0.98-0.02,0.07,0.34,2,02/10/2021 
121,Jamaal Lascelles,Newcastle United ,2,180,0,0,0.06+0.06,0.11+0.11,0.03,0.05,2,02/10/2021 
122,Jonjo Shelvey,Newcastle United ,1,22,0,0,0.00,0.00,0.00,0.00,2,02/10/2021 
123,Ayoze Pérez,Leicester ,2,23,0,2,0.71+0.71,0.81-1.19,2.76,3.16,2,02/10/2021 
124,Moussa Sissoko,Watford ,3,270,0,0,0.01+0.01,0.10+0.10,0.00,0.03,2,02/10/2021 
125,Karl Darlow,Newcastle United ,3,270,0,0,0.00,0.00,0.00,0.00,2,02/10/2021 
126,Nathan Redmond ,Southampton,3,270,0,2,0.96+0.96,1.08-0.92,0.32,0.36,2,02/10/2021 
127,Ben Foster,Watford ,3,270,0,0,0.00,0.00,0.00,0.00,2,02/10/2021 
128,Craig Dawson,West Ham ,2,11,0,0,0.00,0.00,0.00,0.00,2,02/10/2021 
129,Jonny Evans,Leicester ,2,180,0,0,0.00,0.00,0.00,0.00,2,02/10/2021 
130,Salomón Rondón,Everton ,3,270,0,0,0.49+0.49,0.11+0.11,0.16,0.04,2,02/10/2021 
131,Virgil van Dijk,Liverpool ,3,270,0,0,0.00,0.04+0.04,0.00,0.01,2,02/10/2021 
132,Ryan Bertrand,Leicester ,1,90,0,0,0.00,0.00,0.00,0.00,2,02/10/2021 
133,Oriol Romeu ,Southampton,3,270,0,0,0.00,0.12+0.12,0.00,0.04,2,02/10/2021 
134,Jay Rodriguez,Burnley ,3,78,0,0,0.16+0.16,0.00,0.18,0.00,2,02/10/2021 
135,Ciaran Clark,Newcastle United ,3,270,0,0,0.03+0.03,0.00,0.01,0.00,2,02/10/2021 
136,Matt Targett,Aston Villa ,3,270,0,1,0.05+0.05,1.21+0.21,0.02,0.40,2,02/10/2021 
137,Kyle Walker-Peters ,Southampton,1,90,0,0,0.00,0.62+0.62,0.00,0.62,2,02/10/2021 
138,Erik Pieters,Burnley ,1,90,0,0,0.00,0.00,0.00,0.00,2,02/10/2021 
139,Adama Traoré,Wolverhampton Wanderers ,3,168,0,0,0.37+0.37,0.04+0.04,0.20,0.02,2,02/10/2021 
140,Axel Tuanzebe,Aston Villa ,2,142,0,0,0.00,0.00,0.00,0.00,2,02/10/2021 
141,Kurt Zouma,West Ham ,3,270,0,0,0.07+0.07,0.00,0.02,0.00,2,02/10/2021 
142,Alex Oxlade-Chamberlain,Liverpool ,2,45,0,0,0.02+0.02,0.08+0.08,0.04,0.16,2,02/10/2021 
143,Tim Krul,Norwich ,3,270,0,0,0.00,0.00,0.00,0.00,2,02/10/2021 
144,Joseph Gomez,Liverpool ,1,11,0,0,0.00,0.00,0.00,0.00,2,02/10/2021 
145,Ivan Toney,Brentford ,3,270,0,0,0.29+0.29,0.42+0.42,0.10,0.14,2,02/10/2021 
146,Luke Shaw,Manchester United ,3,270,0,0,0.01+0.01,0.14+0.14,0.00,0.05,2,02/10/2021 
147,Tyler Roberts,Leeds ,3,134,0,0,0.21+0.21,0.19+0.19,0.14,0.12,2,02/10/2021 
148,Matej Vydra,Burnley ,2,35,0,0,0.07+0.07,0.00,0.18,0.00,2,02/10/2021 
149,Tyrone Mings,Aston Villa ,3,270,0,0,0.00,0.00,0.00,0.00,2,02/10/2021 
150,Sergi Canos,Brentford ,3,255,0,0,0.14+0.14,0.05+0.05,0.05,0.02,2,02/10/2021 
151,Bruno Fernandes,Manchester United ,3,247,0,2,0.16+0.16,0.75-1.25,0.06,0.27,2,02/10/2021 
152,Alisson,Liverpool ,2,180,0,0,0.00,0.00,0.00,0.00,2,02/10/2021 
153,Allan,Everton ,3,270,0,0,0.08+0.08,0.01+0.01,0.03,0.00,2,02/10/2021 
154,Jorginho,Chelsea ,2,79,0,1,0.00,0.12-0.88,0.00,0.14,2,02/10/2021 
155,Adam Masina,Watford ,2,137,0,0,0.00,0.00,0.00,0.00,2,02/10/2021 
156,Emil Krafth,Newcastle United ,1,90,0,1,0.09+0.09,0.09-0.91,0.09,0.09,2,02/10/2021 
157,Matthew Lowton,Burnley ,3,270,0,1,0.07+0.07,0.41-0.59,0.02,0.14,2,02/10/2021 
158,Michael Keane,Everton ,3,270,0,1,0.19+0.19,0.24-0.76,0.06,0.08,2,02/10/2021 
159,Johann Berg Gudmundsson,Burnley ,3,50,0,0,0.03+0.03,0.03+0.03,0.05,0.05,2,02/10/2021 
160,James Tarkowski,Burnley ,3,270,0,0,0.00,0.00,0.00,0.00,2,02/10/2021 
161,Ryan Fraser,Newcastle United ,2,73,0,0,0.08+0.08,0.04+0.04,0.10,0.06,2,02/10/2021 
162,Harry Maguire,Manchester United ,2,180,0,0,0.13+0.13,0.00,0.06,0.00,2,02/10/2021 
163,Andrew Robertson,Liverpool ,3,245,0,0,0.00,0.06+0.06,0.00,0.02,2,02/10/2021 
164,Ben Gibson,Norwich ,3,246,0,0,0.01+0.01,0.02+0.02,0.00,0.01,2,02/10/2021 
165,Adam Forshaw,Leeds ,1,26,0,0,0.00,0.00,0.00,0.00,2,02/10/2021 
166,Javier Manquillo,Newcastle United ,3,253,0,2,0.00,0.45-1.55,0.00,0.16,2,02/10/2021 
167,Christian Kabasele,Watford ,1,20,0,0,0.00,0.00,0.00,0.00,2,02/10/2021 
168,Abdoulaye Doucouré,Everton ,2,180,0,1,0.21+0.21,0.73-0.27,0.11,0.37,2,02/10/2021 
169,Paul Pogba,Manchester United ,3,124,0,0,0.25+0.25,0.12+0.12,0.18,0.09,2,02/10/2021 
170,Ainsley Maitland-Niles,Arsenal ,2,12,0,0,0.00,0.00,0.00,0.00,2,02/10/2021 
171,Trent Alexander-Arnold,Liverpool ,2,156,0,1,0.10+0.10,0.91-0.09,0.06,0.53,2,02/10/2021 
172,Pontus Jansson,Brentford ,3,270,0,0,1.09+1.09,0.00,0.36,0.00,2,02/10/2021 
173,Antonio Rüdiger,Chelsea ,2,180,0,0,0.28+0.28,0.12+0.12,0.14,0.06,2,02/10/2021 
174,Lucas Digne,Everton ,3,270,0,0,0.12+0.12,0.53+0.53,0.04,0.18,2,02/10/2021 
175,Vicente Guaita,Crystal Palace ,3,270,0,0,0.00,0.00,0.00,0.00,2,02/10/2021 
176,Emiliano Buendía,Aston Villa ,3,171,0,0,0.42+0.42,0.49+0.49,0.22,0.26,2,02/10/2021 
177,Raphael Varane,Manchester United ,1,90,0,0,0.06+0.06,0.00,0.06,0.00,2,02/10/2021 
178,Mateo Kovacic,Chelsea ,3,234,0,2,0.10+0.10,1.28-0.72,0.04,0.49,2,02/10/2021 
179,Pablo Fornals,West Ham ,3,270,0,0,0.47+0.47,0.63+0.63,0.16,0.21,2,02/10/2021 
180,Cristiano Ronaldo,Manchester United ,3,212,0,0,0.76+0.76,0.10+0.10,0.32,0.04,2,02/10/2021 
181,João Cancelo,Manchester City ,3,270,0,0,0.52+0.52,0.18+0.18,0.17,0.06,2,02/10/2021 
182,Rodri,Manchester City ,3,270,0,0,0.04+0.04,0.00,0.01,0.00,2,02/10/2021 
183,Aymeric Laporte,Manchester City ,3,256,0,0,0.07+0.07,0.00,0.02,0.00,2,02/10/2021 
184,Martin Odegaard,Arsenal ,3,150,0,0,0.03+0.03,0.00,0.02,0.00,2,02/10/2021 
185,Thiago Silva,Chelsea ,2,180,0,0,0.00,0.05+0.05,0.00,0.02,2,02/10/2021 
186,Lucas Moura,Tottenham ,3,270,0,0,0.46+0.46,0.17+0.17,0.15,0.06,2,02/10/2021 
187,Edinson Cavani,Manchester United ,2,81,0,0,0.76+0.76,0.02+0.02,0.84,0.02,2,02/10/2021 
188,Ricardo Pereira,Leicester ,2,180,0,0,0.17+0.17,0.03+0.03,0.09,0.01,2,02/10/2021 
189,Nicolas N'Koulou,Watford ,1,10,0,0,0.00,0.00,0.00,0.00,2,02/10/2021 
190,Fabinho,Liverpool ,1,90,0,0,0.30+0.30,0.00,0.30,0.00,2,02/10/2021 
191,João Moutinho,Wolverhampton Wanderers ,3,257,0,0,0.20+0.20,0.05+0.05,0.07,0.02,2,02/10/2021 
192,Said Benrahma,West Ham ,3,264,0,0,0.56+0.56,0.15+0.15,0.19,0.05,2,02/10/2021 
193,Neal Maupay,Brighton ,3,240,0,0,0.90+0.90,0.19+0.19,0.34,0.07,2,02/10/2021 
194,Raúl Jiménez,Wolverhampton Wanderers ,3,181,0,2,0.17+0.17,0.52-1.48,0.08,0.26,2,02/10/2021 
195,Mateusz Klich,Leeds ,3,231,0,0,0.12+0.12,0.17+0.17,0.04,0.07,2,02/10/2021 
196,Emiliano Martinez,Aston Villa ,3,270,0,0,0.00,0.00,0.00,0.00,2,02/10/2021 
197,Adam Armstrong ,Southampton,2,91,0,0,0.11+0.11,0.00,0.11,0.00,2,02/10/2021 
198,Ashley Barnes,Burnley ,2,36,0,0,0.16+0.16,0.00,0.40,0.00,2,02/10/2021 
199,Chris Wood,Burnley ,3,260,0,0,0.80+0.80,0.01+0.01,0.28,0.01,2,02/10/2021 
200,Kiko Femenía,Watford ,2,147,0,0,0.00,0.00,0.00,0.00,2,02/10/2021 
201,Kai Havertz,Chelsea ,2,81,0,0,0.17+0.17,0.00,0.19,0.00,2,02/10/2021 
202,Leon Bailey,Aston Villa ,1,38,0,1,0.08+0.08,0.05-0.95,0.19,0.13,2,02/10/2021 
203,Gabriel Jesus,Manchester City ,2,179,0,2,0.45+0.45,0.38-1.62,0.23,0.19,2,02/10/2021 
204,Luka Milivojevic,Crystal Palace ,3,235,0,0,0.02+0.02,0.24+0.24,0.01,0.09,2,02/10/2021 
205,Nick Pope,Burnley ,3,270,0,0,0.00,0.00,0.00,0.00,2,02/10/2021 
206,Declan Rice,West Ham ,3,270,0,0,0.02+0.02,0.15+0.15,0.01,0.05,2,02/10/2021 
207,Ademola Lookman,Leicester ,1,82,0,0,0.05+0.05,0.00,0.05,0.00,2,02/10/2021 
208,Scott McTominay,Manchester United ,3,186,0,0,0.13+0.13,0.75+0.75,0.06,0.36,2,02/10/2021 
209,Aaron Wan-Bissaka,Manchester United ,3,270,0,0,0.00,0.36+0.36,0.00,0.12,2,02/10/2021 
210,Daniel James,Leeds ,3,270,0,0,0.44+0.44,0.03+0.03,0.15,0.01,2,02/10/2021 
211,Aaron Ramsdale,Arsenal ,3,270,0,0,0.00,0.00,0.00,0.00,2,02/10/2021 
212,Anwar El Ghazi,Aston Villa ,1,7,0,0,0.00,0.00,0.00,0.00,2,02/10/2021 
213,Gabriel,Arsenal ,3,270,0,0,0.12+0.12,0.03+0.03,0.04,0.01,2,02/10/2021 
214,Pierre Lees-Melou,Norwich ,3,221,0,0,0.10+0.10,0.03+0.03,0.04,0.01,2,02/10/2021 
215,Malang Sarr,Chelsea ,1,90,0,0,0.00,0.00,0.00,0.00,2,02/10/2021 
216,Nicolas Pepe,Arsenal ,2,116,0,0,0.19+0.19,0.00,0.15,0.00,2,02/10/2021 
217,Ismaila Sarr,Watford ,3,248,0,0,0.28+0.28,0.44+0.44,0.10,0.16,2,02/10/2021 
218,Giovani Lo Celso,Tottenham ,2,18,0,0,0.46+0.46,0.05+0.05,2.30,0.26,2,02/10/2021 
219,Fernando Marçal,Wolverhampton Wanderers ,2,167,0,0,0.00,0.00,0.00,0.00,2,02/10/2021 
220,Jean-Philippe Mateta,Crystal Palace ,1,2,0,0,0.00,0.00,0.00,0.00,2,02/10/2021 
221,Jan Bednarek ,Southampton,3,270,0,0,0.00,0.00,0.00,0.00,2,02/10/2021 
222,Charlie Taylor,Burnley ,2,180,0,0,0.00,0.21+0.21,0.00,0.11,2,02/10/2021 
223,Shane Duffy,Brighton ,2,180,0,0,0.14+0.14,0.00,0.07,0.00,2,02/10/2021 
224,Lewis Dunk,Brighton ,3,270,0,0,0.12+0.12,0.10+0.10,0.04,0.03,2,02/10/2021 
225,Solly March,Brighton ,3,116,0,0,0.11+0.11,0.71+0.71,0.08,0.55,2,02/10/2021 
226,Ederson,Manchester City ,2,180,0,0,0.00,0.00,0.00,0.00,2,02/10/2021 
227,Isaac Hayden,Newcastle United ,3,270,0,0,0.00,0.00,0.00,0.00,2,02/10/2021 
228,Jacob Murphy,Newcastle United ,2,22,0,0,0.02+0.02,0.00,0.10,0.00,2,02/10/2021 
229,Victor Lindelöf,Manchester United ,3,270,0,1,0.00,0.25-0.75,0.00,0.08,2,02/10/2021 
230,Douglas Luiz,Aston Villa ,3,251,0,0,0.02+0.02,0.11+0.11,0.01,0.04,2,02/10/2021 
231,Timothy Castagne,Leicester ,3,270,0,0,0.05+0.05,0.03+0.03,0.02,0.01,2,02/10/2021 
232,Nélson Semedo,Wolverhampton Wanderers ,3,270,0,0,0.00,0.15+0.15,0.00,0.05,2,02/10/2021 
233,Andriy Yarmolenko,West Ham ,1,1,0,0,0.00,0.00,0.00,0.00,2,02/10/2021 
234,Boubakary Soumare,Leicester ,3,208,0,0,0.04+0.04,0.00,0.02,0.00,2,02/10/2021 
235,Joachim Andersen,Crystal Palace ,3,270,0,0,0.00,0.02+0.02,0.00,0.01,2,02/10/2021 
236,Ibrahima Konaté,Liverpool ,1,90,0,0,0.00,0.00,0.00,0.00,2,02/10/2021 
237,Jadon Sancho,Manchester United ,2,101,0,0,0.05+0.05,0.37+0.37,0.05,0.33,2,02/10/2021 
238,Hamza Choudhury,Leicester ,1,62,0,0,0.00,0.00,0.00,0.00,2,02/10/2021 
239,Ben Johnson,West Ham ,2,180,0,0,0.05+0.05,0.10+0.10,0.02,0.05,2,02/10/2021 
240,Júnior Firpo,Leeds ,1,90,0,0,0.00,0.10+0.10,0.00,0.10,2,02/10/2021 
241,Romain Perraud ,Southampton,2,180,0,0,0.03+0.03,0.05+0.05,0.01,0.02,2,02/10/2021 
242,Yerry Mina,Everton ,1,90,0,0,0.02+0.02,0.00,0.02,0.00,2,02/10/2021 
243,Milot Rashica,Norwich ,3,60,0,0,0.24+0.24,0.12+0.12,0.35,0.18,2,02/10/2021 
244,Joe Willock,Newcastle United ,3,142,0,0,0.00,0.00,0.00,0.00,2,02/10/2021 
245,Curtis Jones,Liverpool ,2,154,0,1,0.15+0.15,0.19-0.81,0.09,0.11,2,02/10/2021 
246,Rayan Ait Nouri,Wolverhampton Wanderers ,1,84,0,0,0.06+0.06,0.00,0.07,0.00,2,02/10/2021 
247,Harvey Barnes,Leicester ,1,90,0,1,0.17+0.17,0.35-0.65,0.17,0.35,2,02/10/2021 
248,Ibrahima Diallo ,Southampton,3,221,0,1,0.04+0.04,0.19-0.81,0.02,0.08,2,02/10/2021 
249,Dwight McNeil,Burnley ,3,270,0,0,0.12+0.12,0.45+0.45,0.04,0.15,2,02/10/2021 
250,Fred,Manchester United ,2,161,0,0,0.00,0.09+0.09,0.00,0.05,2,02/10/2021 
251,Ken Sema,Watford ,1,45,0,0,0.00,0.00,0.00,0.00,2,02/10/2021 
252,Kortney Hause,Aston Villa ,1,82,0,0,0.00,0.00,0.00,0.00,2,02/10/2021 
253,Edouard Mendy,Chelsea ,3,270,0,0,0.00,0.00,0.00,0.00,2,02/10/2021 
254,Stuart Armstrong ,Southampton,2,45,0,0,0.00,0.08+0.08,0.00,0.16,2,02/10/2021 
255,Mohamed Elyounoussi ,Southampton,3,181,0,0,0.62+0.62,0.05+0.05,0.31,0.03,2,02/10/2021 
256,Mohammed Salisu ,Southampton,3,270,0,0,0.05+0.05,0.09+0.09,0.02,0.03,2,02/10/2021 
257,Juan Camilo Hernández,Watford ,2,180,0,1,0.25+0.25,0.33-0.67,0.12,0.16,2,02/10/2021 
258,William Troost-Ekong,Watford ,3,270,0,0,0.00,0.07+0.07,0.00,0.02,2,02/10/2021 
259,Saman Ghoddos,Brentford ,2,27,0,0,0.39+0.39,0.00,1.31,0.00,2,02/10/2021 
260,Sean Longstaff,Newcastle United ,3,226,0,0,0.06+0.06,0.00,0.02,0.00,2,02/10/2021 
261,Francisco Sierralta,Watford ,1,70,0,0,0.00,0.00,0.00,0.00,2,02/10/2021 
262,Christian Nørgaard,Brentford ,3,270,0,0,0.35+0.35,0.62+0.62,0.12,0.21,2,02/10/2021 
263,Marc Cucurella,Brighton ,3,249,0,0,0.00,0.39+0.39,0.00,0.14,2,02/10/2021 
264,Mathias Jensen,Brentford ,3,242,0,1,0.13+0.13,0.18-0.82,0.05,0.07,2,02/10/2021 
265,Sergio Reguilón,Tottenham ,3,265,0,1,0.02+0.02,0.21-0.79,0.01,0.07,2,02/10/2021 
266,Oliver Skipp,Tottenham ,3,270,0,0,0.00,0.00,0.00,0.00,2,02/10/2021 
267,Cristian Romero,Tottenham ,3,270,0,0,0.00,0.00,0.00,0.00,2,02/10/2021 
268,Leander Dendoncker,Wolverhampton Wanderers ,3,181,0,1,0.01+0.01,0.71-0.29,0.01,0.35,2,02/10/2021 
269,Diogo Dalot,Manchester United ,1,23,0,0,0.00,0.04+0.04,0.00,0.17,2,02/10/2021 
270,Joshua Sargent,Norwich ,3,239,0,0,0.36+0.36,0.19+0.19,0.13,0.07,2,02/10/2021 
271,Ben White,Arsenal ,3,270,0,0,0.09+0.09,0.52+0.52,0.03,0.17,2,02/10/2021 
272,Bukayo Saka,Arsenal ,3,229,0,0,0.81+0.81,0.48+0.48,0.32,0.19,2,02/10/2021 
273,Max Kilman,Wolverhampton Wanderers ,3,270,0,0,0.39+0.39,0.00,0.13,0.00,2,02/10/2021 
274,Bryan Gil Salvatierra,Tottenham ,2,6,0,0,0.00,0.00,0.00,0.00,2,02/10/2021 
275,Ozan Kabak,Norwich ,3,270,0,0,0.21+0.21,0.00,0.07,0.00,2,02/10/2021 
276,Dan Burn,Brighton ,3,239,0,0,0.10+0.10,0.02+0.02,0.04,0.01,2,02/10/2021 
277,Miguel Almirón,Newcastle United ,2,102,0,0,0.00,0.01+0.01,0.00,0.01,2,02/10/2021 
278,Emerson,Tottenham ,3,270,0,0,0.06+0.06,0.06+0.06,0.02,0.02,2,02/10/2021 
279,Mathias Normann,Norwich ,3,266,0,0,0.36+0.36,0.05+0.05,0.12,0.02,2,02/10/2021 
280,Marc Guehi,Crystal Palace ,3,270,0,0,0.04+0.04,0.00,0.01,0.00,2,02/10/2021 
281,Max Aarons,Norwich ,3,270,0,0,0.05+0.05,0.56+0.56,0.02,0.19,2,02/10/2021 
282,Ben Godfrey,Everton ,3,270,0,0,0.16+0.16,0.02+0.02,0.05,0.01,2,02/10/2021 
283,Grant Hanley,Norwich ,3,270,0,0,0.05+0.05,0.00,0.02,0.00,2,02/10/2021 
284,Kenny McLean,Norwich ,3,270,0,0,0.00,0.00,0.00,0.00,2,02/10/2021 
285,Teemu Pukki,Norwich ,3,264,0,0,0.69+0.69,0.25+0.25,0.23,0.08,2,02/10/2021 
286,Leandro Trossard,Brighton ,3,270,0,0,0.61+0.61,0.27+0.27,0.20,0.09,2,02/10/2021 
287,Che Adams ,Southampton,1,9,0,0,0.03+0.03,0.00,0.32,0.00,2,02/10/2021 
288,Moussa Djenepo ,Southampton,2,73,0,0,0.09+0.09,0.15+0.15,0.11,0.18,2,02/10/2021 
289,Ezri Konsa Ngoyo,Aston Villa ,3,270,0,0,0.05+0.05,0.07+0.07,0.02,0.02,2,02/10/2021 
290,Gabriel Martinelli,Arsenal ,2,7,0,0,0.45+0.45,0.00,5.80,0.00,2,02/10/2021 
291,Zack Steffen,Manchester City ,1,90,0,0,0.00,0.00,0.00,0.00,2,02/10/2021 
292,Caoimhin Kelleher,Liverpool ,1,90,0,0,0.00,0.00,0.00,0.00,2,02/10/2021 
293,Takehiro Tomiyasu,Arsenal ,3,270,0,0,0.01+0.01,0.04+0.04,0.00,0.01,2,02/10/2021 
294,Adam Idah,Norwich ,2,2,0,0,0.00,0.00,0.00,0.00,2,02/10/2021 
295,Raphinha,Leeds ,2,145,0,0,0.39+0.39,0.18+0.18,0.24,0.11,2,02/10/2021 
296,Marvelous Nakamba,Aston Villa ,1,19,0,0,0.00,0.00,0.00,0.00,2,02/10/2021 
297,Brandon Williams,Norwich ,1,43,0,0,0.00,0.01+0.01,0.00,0.02,2,02/10/2021 
298,Kieran Tierney,Arsenal ,2,180,0,0,0.05+0.05,0.02+0.02,0.02,0.01,2,02/10/2021 
299,Anthony Gordon,Everton ,3,147,0,0,0.33+0.33,0.32+0.32,0.20,0.20,2,02/10/2021 
300,Neco Williams,Liverpool ,1,6,0,1,0.00,0.60-0.40,0.00,8.94,2,02/10/2021 
301,Tyrick Mitchell,Crystal Palace ,3,270,0,1,0.00,0.61-0.39,0.00,0.20,2,02/10/2021 
302,Tariq Lamptey,Brighton ,2,59,0,0,0.04+0.04,0.01+0.01,0.06,0.02,2,02/10/2021 
303,Jeremy Ngakia,Watford ,2,113,0,0,0.00,0.10+0.10,0.00,0.08,2,02/10/2021 
304,João Pedro,Watford ,3,71,0,1,0.09+0.09,0.45-0.55,0.12,0.57,2,02/10/2021 
305,Tomas Soucek,West Ham ,3,260,0,1,0.65+0.65,0.33-0.67,0.22,0.11,2,02/10/2021 
306,Daniel Podence,Wolverhampton Wanderers ,2,26,0,1,0.10+0.10,0.74-0.26,0.36,2.56,2,02/10/2021 
307,Steven Bergwijn,Tottenham ,1,1,0,0,0.00,0.00,0.00,0.00,2,02/10/2021 
308,Josh Brownhill,Burnley ,3,270,0,0,0.09+0.09,0.23+0.23,0.03,0.08,2,02/10/2021 
309,Ki-Jana Hoever,Wolverhampton Wanderers ,1,6,0,0,0.00,0.00,0.00,0.00,2,02/10/2021 
310,Nathan Tella ,Southampton,2,77,0,0,0.00,0.00,0.00,0.00,2,02/10/2021 
311,Cole Palmer,Manchester City ,1,1,0,0,0.00,0.00,0.00,0.00,2,02/10/2021 
312,Illan Meslier,Leeds ,3,270,0,0,0.00,0.00,0.00,0.00,2,02/10/2021 
313,Pascal Struijk,Leeds ,3,181,0,0,0.00,0.00,0.00,0.00,2,02/10/2021 
314,Stuart Dallas,Leeds ,3,260,0,0,0.37+0.37,0.12+0.12,0.13,0.04,2,02/10/2021 
315,Kalvin Phillips,Leeds ,1,90,0,0,0.00,0.00,0.00,0.00,2,02/10/2021 
316,Jack Harrison,Leeds ,2,137,0,0,0.13+0.13,0.02+0.02,0.08,0.01,2,02/10/2021 
317,Jamie Shackleton,Leeds ,3,270,0,0,0.02+0.02,0.00,0.01,0.00,2,02/10/2021 
318,Fabio Silva,Wolverhampton Wanderers ,1,13,0,0,0.00,0.34+0.34,0.00,2.33,2,02/10/2021 
319,Joël Veltman,Brighton ,3,242,0,0,0.00,0.09+0.09,0.00,0.03,2,02/10/2021 
320,Liam Cooper,Leeds ,3,270,0,0,0.09+0.09,0.00,0.03,0.00,2,02/10/2021 
321,Konstantinos Tsimikas,Liverpool ,1,25,0,0,0.00,0.00,0.00,0.00,2,02/10/2021 
322,Matthew Cash,Aston Villa ,3,262,0,0,0.23+0.23,0.73+0.73,0.08,0.25,2,02/10/2021 
323,Trincão,Wolverhampton Wanderers ,1,89,0,0,0.68+0.68,0.00,0.69,0.00,2,02/10/2021 
324,Rúben Dias,Manchester City ,3,194,0,0,0.10+0.10,0.00,0.05,0.00,2,02/10/2021 
325,Vladimir Coufal,West Ham ,1,90,0,0,0.15+0.15,0.45+0.45,0.15,0.45,2,02/10/2021 
326,Hakim Ziyech,Chelsea ,1,19,0,0,0.09+0.09,0.02+0.02,0.44,0.12,2,02/10/2021 
327,Conor Gallagher,Crystal Palace ,3,251,0,0,0.34+0.34,0.25+0.25,0.12,0.09,2,02/10/2021 
328,Robert Sánchez,Brighton ,3,270,0,0,0.00,0.00,0.00,0.00,2,02/10/2021 
329,Jakub Moder,Brighton ,3,256,0,0,0.31+0.31,0.17+0.17,0.11,0.06,2,02/10/2021 
330,Joe Gelhardt,Leeds ,2,39,0,0,0.43+0.43,0.03+0.03,0.98,0.06,2,02/10/2021 
331,Crysencio Summerville,Leeds ,2,44,0,0,0.04+0.04,0.00,0.07,0.00,2,02/10/2021 
332,David Raya,Brentford ,3,270,0,0,0.00,0.00,0.00,0.00,2,02/10/2021 
333,Kristoffer Ajer,Brentford ,1,42,0,0,0.07+0.07,0.00,0.14,0.00,2,02/10/2021 
334,Ethan Pinnock,Brentford ,3,228,0,0,0.07+0.07,0.83+0.83,0.03,0.33,2,02/10/2021 
335,Rico Henry,Brentford ,3,270,0,0,0.03+0.03,0.13+0.13,0.01,0.04,2,02/10/2021 
336,Frank Onyeka,Brentford ,3,235,0,0,0.05+0.05,0.05+0.05,0.02,0.02,2,02/10/2021 
337,Mads Bidstrup,Brentford ,1,3,0,0,0.00,0.00,0.00,0.00,2,02/10/2021 
338,Marcus Forss,Brentford ,2,51,0,0,0.11+0.11,0.00,0.20,0.00,2,02/10/2021 
339,Albert Sambi Lokonga,Arsenal ,3,210,0,0,0.15+0.15,0.13+0.13,0.06,0.06,2,02/10/2021 
340,Nuno Tavares,Arsenal ,1,90,0,0,0.12+0.12,0.55+0.55,0.12,0.55,2,02/10/2021 
341,Nathan Collins,Burnley ,3,270,0,0,0.02+0.02,0.55+0.55,0.01,0.18,2,02/10/2021 
342,Enock Mwepu,Brighton ,1,30,0,0,0.00,0.00,0.00,0.00,2,02/10/2021 
343,José Sá,Wolverhampton Wanderers ,3,270,0,0,0.00,0.06+0.06,0.00,0.02,2,02/10/2021 
344,Dimitris Giannoulis,Norwich ,3,227,0,0,0.04+0.04,0.19+0.19,0.01,0.07,2,02/10/2021 
345,Andrew Omobamidele,Norwich ,1,20,0,0,0.00,0.00,0.00,0.00,2,02/10/2021 
346,Cameron Archer,Aston Villa ,1,1,0,0,0.00,0.00,0.00,0.00,2,02/10/2021 
347,Shandon Baptiste,Brentford ,1,28,0,0,0.09+0.09,0.00,0.28,0.00,2,02/10/2021 
348,Ozan Tufan,Watford ,2,129,0,0,0.06+0.06,0.00,0.04,0.00,2,02/10/2021 
349,Lewis Dobbin,Everton ,1,1,0,0,0.00,0.00,0.00,0.00,2,02/10/2021 
