,Player,Nation,Pos,Squad,Age,Born,90s,Gls,Sh,SoT,SoT%,Sh/90,SoT/90,G/Sh,G/SoT,Dist,FK,PK,PKatt,xG,npxG,npxG/Sh,G-xG,np:G-xG
0,Che Adams,sct SCO,FW,Southampton,25,1996,22.7,7,49,24,49.0,2.16,1.06,0.14,0.29,12.9,0,0,0,7.1,7.1,0.14,-0.1,-0.1
1,Rayan Aït Nouri,fr FRA,DF,Wolves,20,2001,20.3,1,13,4,30.8,0.64,0.20,0.08,0.25,16.9,0,0,0,0.7,0.7,0.06,+0.3,+0.3
2,Kristoffer Ajer,no NOR,DF,Brentford,23,1998,22.2,1,7,1,14.3,0.32,0.05,0.14,1.00,9.1,0,0,0,0.8,0.8,0.11,+0.2,+0.2
3,Nathan Aké,nl NED,DF,Manchester City,26,1995,10.3,2,5,2,40.0,0.49,0.20,0.40,1.00,5.8,0,0,0,1.1,1.1,0.23,+0.9,+0.9
4,Marc Albrighton,eng ENG,"FW,DF",Leicester City,31,1989,12.6,1,4,1,25.0,0.32,0.08,0.25,1.00,16.7,0,0,0,0.5,0.5,0.13,+0.5,+0.5
5,Thiago Alcántara,es ESP,MF,Liverpool,30,1991,17.0,1,25,6,24.0,1.47,0.35,0.04,0.17,18.2,0,0,0,1.8,1.8,0.08,-0.8,-0.8
6,Trent Alexander-Arnold,eng ENG,DF,Liverpool,22,1998,31.7,2,51,14,27.5,1.61,0.44,0.04,0.14,23.0,5,0,0,2.7,2.7,0.05,-0.7,-0.7
7,Alisson,br BRA,GK,Liverpool,28,1992,36.0,0,0,0,,0.00,0.00,,,,0,0,0,0.0,0.0,,0.0,0.0
8,Allan,br BRA,MF,Everton,30,1991,24.3,0,7,3,42.9,0.29,0.12,0.00,0.00,24.1,0,0,0,0.2,0.2,0.03,-0.2,-0.2
9,Dele Alli,eng ENG,"MF,FW",Tottenham,25,1996,7.3,1,4,2,50.0,0.55,0.27,0.00,0.00,18.2,0,1,1,1.5,0.7,0.18,-0.5,-0.7
10,Dele Alli,eng ENG,MF,Everton,25,1996,3.8,0,3,0,0.0,0.80,0.00,0.00,,19.3,0,0,0,0.1,0.1,0.03,-0.1,-0.1
11,Miguel Almirón,py PAR,"MF,FW",Newcastle Utd,27,1994,19.1,1,32,7,21.9,1.68,0.37,0.03,0.14,18.7,0,0,0,2.1,2.1,0.06,-1.1,-1.1
12,Marcos Alonso,es ESP,DF,Chelsea,30,1990,24.1,4,43,10,23.3,1.79,0.42,0.09,0.40,18.9,9,0,0,3.3,3.3,0.08,+0.7,+0.7
13,Steven Alzate,co COL,MF,Brighton,22,1998,4.5,0,1,1,100.0,0.22,0.22,0.00,0.00,18.4,0,0,0,0.1,0.1,0.07,-0.1,-0.1
14,Daniel Amartey,gh GHA,DF,Leicester City,26,1994,23.6,0,2,1,50.0,0.08,0.04,0.00,0.00,32.1,0,0,0,0.0,0.0,0.02,0.0,0.0
15,Joachim Andersen,dk DEN,DF,Crystal Palace,25,1996,32.4,0,8,3,37.5,0.25,0.09,0.00,0.00,14.0,1,0,0,0.6,0.6,0.07,-0.6,-0.6
16,Michail Antonio,jm JAM,FW,West Ham,31,1990,33.0,10,83,27,32.5,2.51,0.82,0.12,0.37,14.3,0,0,1,11.1,10.8,0.13,-1.1,-0.8
17,Cameron Archer,eng ENG,"MF,FW",Aston Villa,19,2001,0.3,0,1,0,0.0,3.33,0.00,0.00,,13.0,0,0,0,0.0,0.0,0.02,0.0,0.0
18,Alphonse Areola,fr FRA,GK,West Ham,28,1993,1.0,0,0,0,,0.00,0.00,,,,0,0,0,0.0,0.0,,0.0,0.0
19,Adam Armstrong,eng ENG,FW,Southampton,24,1997,15.7,2,47,14,29.8,2.99,0.89,0.04,0.14,17.0,0,0,0,4.3,4.3,0.09,-2.3,-2.3
20,Stuart Armstrong,sct SCO,MF,Southampton,29,1992,16.4,2,38,9,23.7,2.32,0.55,0.05,0.22,19.8,0,0,0,2.8,2.8,0.07,-0.8,-0.8
21,Kepa Arrizabalaga,es ESP,GK,Chelsea,26,1994,4.0,0,0,0,,0.00,0.00,,,,0,0,0,0.0,0.0,,0.0,0.0
22,Harrison Ashby,sct SCO,DF,West Ham,19,2001,0.1,0,0,0,,0.00,0.00,,,,0,0,0,0.0,0.0,,0.0,0.0
23,Pierre-Emerick Aubameyang,ga GAB,FW,Arsenal,32,1989,11.5,4,33,16,48.5,2.86,1.39,0.12,0.25,14.2,0,0,2,5.8,4.1,0.13,-1.8,-0.1
24,Jordan Ayew,gh GHA,FW,Crystal Palace,29,1991,22.4,3,35,8,22.9,1.56,0.36,0.09,0.38,16.4,1,0,0,3.7,3.7,0.11,-0.7,-0.7
25,Luke Ayling,eng ENG,DF,Leeds United,29,1991,25.2,2,19,3,15.8,0.75,0.12,0.11,0.67,12.8,0,0,0,1.6,1.6,0.09,+0.4,+0.4
26,César Azpilicueta,es ESP,DF,Chelsea,31,1989,23.0,1,13,4,30.8,0.57,0.17,0.08,0.25,13.6,0,0,0,1.2,1.2,0.09,-0.2,-0.2
27,Daniel Bachmann,at AUT,GK,Watford,27,1994,12.0,0,0,0,,0.00,0.00,,,,0,0,0,0.0,0.0,,0.0,0.0
28,Leon Bailey,jm JAM,"FW,MF",Aston Villa,23,1997,8.5,1,21,8,38.1,2.48,0.95,0.05,0.13,18.7,4,0,0,1.6,1.6,0.08,-0.6,-0.6
29,Eric Bailly,ci CIV,DF,Manchester Utd,27,1994,2.4,0,0,0,,0.00,0.00,,,,0,0,0,0.0,0.0,,0.0,0.0
30,Folarin Balogun,eng ENG,FW,Arsenal,20,2001,0.8,0,3,0,0.0,3.86,0.00,0.00,,14.0,0,0,0,0.3,0.3,0.09,-0.3,-0.3
31,Patrick Bamford,eng ENG,FW,Leeds United,27,1993,6.2,2,20,5,25.0,3.22,0.81,0.10,0.40,13.6,0,0,0,3.9,3.9,0.20,-1.9,-1.9
32,Shandon Baptiste,gd GRN,MF,Brentford,23,1998,10.1,1,12,4,33.3,1.19,0.40,0.08,0.25,18.9,0,0,0,0.7,0.7,0.06,+0.3,+0.3
33,Ross Barkley,eng ENG,MF,Chelsea,27,1993,2.0,1,9,4,44.4,4.53,2.01,0.11,0.25,20.9,0,0,0,1.2,1.2,0.13,-0.2,-0.2
34,Ashley Barnes,eng ENG,FW,Burnley,31,1989,9.0,1,15,5,33.3,1.67,0.56,0.00,0.00,16.0,0,1,1,1.8,1.0,0.07,-0.8,-1.0
35,Harvey Barnes,eng ENG,"FW,MF",Leicester City,23,1997,23.3,6,67,24,35.8,2.87,1.03,0.09,0.25,15.7,0,0,0,6.8,6.8,0.10,-0.8,-0.8
36,Lewis Bate,eng ENG,MF,Leeds United,18,2002,1.6,0,1,0,0.0,0.62,0.00,0.00,,25.0,0,0,0,0.0,0.0,0.02,0.0,0.0
37,Mads Bech Sørensen,dk DEN,DF,Brentford,22,1999,9.3,0,2,0,0.0,0.22,0.00,0.00,,10.5,0,0,0,0.1,0.1,0.04,-0.1,-0.1
38,Jan Bednarek,pl POL,DF,Southampton,25,1996,29.2,4,19,7,36.8,0.65,0.24,0.21,0.57,7.9,0,0,0,2.4,2.4,0.13,+1.6,+1.6
39,Donny van de Beek,nl NED,MF,Manchester Utd,24,1997,0.8,1,2,1,50.0,2.40,1.20,0.50,1.00,9.3,0,0,0,0.7,0.7,0.36,+0.3,+0.3
40,Donny van de Beek,nl NED,MF,Everton,24,1997,5.4,1,5,1,20.0,0.93,0.19,0.20,1.00,19.4,0,0,0,0.9,0.9,0.18,+0.1,+0.1
41,Asmir Begović,ba BIH,GK,Everton,34,1987,3.0,0,0,0,,0.00,0.00,,,,0,0,0,0.0,0.0,,0.0,0.0
42,Saïd Benrahma,dz ALG,"FW,MF",West Ham,25,1995,24.1,8,63,22,34.9,2.62,0.91,0.13,0.36,18.7,3,0,0,5.1,5.1,0.08,+2.9,+2.9
43,Rodrigo Bentancur,uy URU,MF,Tottenham,24,1997,15.1,0,14,2,14.3,0.93,0.13,0.00,0.00,18.6,0,0,0,0.9,0.9,0.06,-0.9,-0.9
44,Christian Benteke,be BEL,FW,Crystal Palace,30,1990,12.7,4,39,13,33.3,3.07,1.02,0.10,0.31,11.4,0,0,0,5.4,5.4,0.14,-1.4,-1.4
45,Jóhann Berg Guðmundsson,is ISL,MF,Burnley,30,1990,12.2,0,19,4,21.1,1.55,0.33,0.00,0.00,19.7,2,0,0,1.7,1.7,0.09,-1.7,-1.7
46,Steven Bergwijn,nl NED,"FW,MF",Tottenham,23,1997,6.3,3,19,10,52.6,3.03,1.59,0.16,0.30,15.9,0,0,0,3.1,3.1,0.16,-0.1,-0.1
47,Ryan Bertrand,eng ENG,DF,Leicester City,31,1989,3.7,0,0,0,,0.00,0.00,,,,0,0,0,0.0,0.0,,0.0,0.0
48,Mads Bidstrup,dk DEN,MF,Brentford,20,2001,0.5,0,0,0,,0.00,0.00,,,,0,0,0,0.0,0.0,,0.0,0.0
49,Yves Bissouma,ml MLI,MF,Brighton,24,1996,23.5,1,21,5,23.8,0.90,0.21,0.05,0.20,24.0,1,0,0,0.9,0.9,0.04,+0.1,+0.1
50,Willy Boly,ci CIV,DF,Wolves,30,1991,10.0,0,2,1,50.0,0.20,0.10,0.00,0.00,8.0,0,0,0,0.2,0.2,0.08,-0.2,-0.2
51,Jarrod Bowen,eng ENG,FW,West Ham,24,1996,33.1,12,80,33,41.3,2.41,1.00,0.15,0.36,15.4,0,0,0,11.1,11.1,0.14,+0.9,+0.9
52,Jarrad Branthwaite,eng ENG,DF,Everton,19,2002,4.3,1,3,2,66.7,0.70,0.46,0.33,0.50,12.7,0,0,0,0.4,0.4,0.14,+0.6,+0.6
53,Armando Broja,al ALB,FW,Southampton,19,2001,21.9,6,48,19,39.6,2.19,0.87,0.13,0.32,12.1,0,0,0,7.0,7.0,0.15,-1.0,-1.0
54,Josh Brownhill,eng ENG,MF,Burnley,25,1995,32.8,2,29,9,31.0,0.88,0.27,0.07,0.22,22.2,4,0,0,1.4,1.4,0.05,+0.6,+0.6
55,Lewis Brunt,eng ENG,MF,Leicester City,20,2000,0.3,0,0,0,,0.00,0.00,,,,0,0,0,0.0,0.0,,0.0,0.0
56,Bryan,es ESP,"FW,MF",Tottenham,20,2001,1.0,0,1,1,100.0,0.96,0.96,0.00,0.00,16.2,0,0,0,0.0,0.0,0.03,0.0,0.0
57,Emi Buendía,ar ARG,"FW,MF",Aston Villa,24,1996,21.1,4,44,14,31.8,2.09,0.66,0.09,0.29,17.0,0,0,0,3.1,3.1,0.07,+0.9,+0.9
58,Dan Burn,eng ENG,DF,Newcastle Utd,29,1992,16.0,0,11,1,9.1,0.69,0.06,0.00,0.00,9.3,0,0,0,0.5,0.5,0.05,-0.5,-0.5
59,Dan Burn,eng ENG,DF,Brighton,29,1992,11.4,1,7,3,42.9,0.62,0.26,0.14,0.33,7.4,0,0,0,1.3,1.3,0.18,-0.3,-0.3
60,Jack Butland,eng ENG,GK,Crystal Palace,28,1993,8.5,0,0,0,,0.00,0.00,,,,0,0,0,0.0,0.0,,0.0,0.0
61,Sam Byram,eng ENG,DF,Norwich City,27,1993,11.4,0,7,1,14.3,0.61,0.09,0.00,0.00,8.9,0,0,0,0.9,0.9,0.13,-0.9,-0.9
62,Willy Caballero,ar ARG,GK,Southampton,39,1981,2.0,0,0,0,,0.00,0.00,,,,0,0,0,0.0,0.0,,0.0,0.0
63,Moisés Caicedo,ec ECU,MF,Brighton,19,2001,7.3,1,10,4,40.0,1.36,0.55,0.10,0.25,17.5,0,0,0,0.8,0.8,0.08,+0.2,+0.2
64,Dominic Calvert-Lewin,eng ENG,FW,Everton,24,1997,14.3,5,30,11,36.7,2.10,0.77,0.10,0.27,13.1,0,2,3,6.8,4.6,0.15,-1.8,-1.6
65,Chem Campbell,wls WAL,MF,Wolves,18,2002,0.1,0,0,0,,0.00,0.00,,,,0,0,0,0.0,0.0,,0.0,0.0
66,João Cancelo,pt POR,DF,Manchester City,27,1994,35.9,1,81,23,28.4,2.26,0.64,0.01,0.04,21.5,1,0,0,4.1,4.1,0.05,-3.1,-3.1
67,Sergi Canós,es ESP,DF,Brentford,24,1997,23.1,3,33,12,36.4,1.43,0.52,0.09,0.25,16.4,1,0,0,3.0,3.0,0.09,0.0,0.0
68,Todd Cantwell,eng ENG,"FW,MF",Norwich City,23,1998,4.9,0,4,0,0.0,0.82,0.00,0.00,,28.8,0,0,0,0.2,0.2,0.04,-0.2,-0.2
69,Matty Cash,pl POL,DF,Aston Villa,23,1997,37.5,4,36,13,36.1,0.96,0.35,0.11,0.31,18.2,0,0,0,2.4,2.4,0.07,+1.6,+1.6
70,Timothy Castagne,be BEL,DF,Leicester City,25,1995,23.6,1,7,3,42.9,0.30,0.13,0.14,0.33,14.5,0,0,0,0.8,0.8,0.11,+0.2,+0.2
71,Jonny Castro,es ESP,DF,Wolves,27,1994,11.4,2,10,5,50.0,0.88,0.44,0.20,0.40,18.9,0,0,0,0.8,0.8,0.08,+1.2,+1.2
72,Craig Cathcart,nir NIR,DF,Watford,32,1989,26.6,0,3,0,0.0,0.11,0.00,0.00,,8.4,0,0,0,0.1,0.1,0.04,-0.1,-0.1
73,Edinson Cavani,uy URU,FW,Manchester Utd,34,1987,8.5,2,18,6,33.3,2.11,0.70,0.11,0.33,11.4,0,0,0,3.4,3.4,0.19,-1.4,-1.4
74,Kayky Chagas,br BRA,FW,Manchester City,18,2003,0.1,0,0,0,,0.00,0.00,,,,0,0,0,0.0,0.0,,0.0,0.0
75,Trevoh Chalobah,eng ENG,DF,Chelsea,22,1999,16.1,3,9,7,77.8,0.56,0.43,0.33,0.43,18.4,0,0,0,1.0,1.0,0.11,+2.0,+2.0
76,Calum Chambers,eng ENG,DF,Arsenal,26,1995,1.9,0,2,0,0.0,1.06,0.00,0.00,,20.3,0,0,0,0.1,0.1,0.04,-0.1,-0.1
77,Calum Chambers,eng ENG,DF,Aston Villa,26,1995,9.2,1,3,1,33.3,0.32,0.11,0.33,1.00,14.7,0,0,0,0.2,0.2,0.08,+0.8,+0.8
78,Daniel Chesters,eng ENG,MF,West Ham,19,2002,0.0,0,0,0,,0.00,0.00,,,,0,0,0,0.0,0.0,,0.0,0.0
79,Ben Chilwell,eng ENG,DF,Chelsea,24,1996,6.0,3,13,6,46.2,2.16,1.00,0.23,0.50,17.9,0,0,0,1.2,1.2,0.09,+1.8,+1.8
80,Chiquinho,pt POR,"DF,MF",Wolves,21,2000,2.3,0,5,2,40.0,2.16,0.87,0.00,0.00,11.1,0,0,0,0.3,0.3,0.06,-0.3,-0.3
81,Hamza Choudhury,eng ENG,"DF,MF",Leicester City,23,1997,3.2,0,1,0,0.0,0.32,0.00,0.00,,12.8,0,0,0,0.0,0.0,0.02,0.0,0.0
82,Andreas Christensen,dk DEN,DF,Chelsea,25,1996,16.6,0,5,0,0.0,0.30,0.00,0.00,,19.6,0,0,0,0.4,0.4,0.08,-0.4,-0.4
83,Carney Chukwuemeka,eng ENG,"MF,FW",Aston Villa,17,2004,3.3,0,4,1,25.0,1.20,0.30,0.00,0.00,15.9,0,0,0,0.6,0.6,0.14,-0.6,-0.6
84,Ciaran Clark,ie IRL,DF,Newcastle Utd,31,1989,11.3,0,7,1,14.3,0.62,0.09,0.00,0.00,7.0,0,0,0,0.8,0.8,0.11,-0.8,-0.8
85,Tom Cleverley,eng ENG,MF,Watford,31,1989,18.0,0,13,7,53.8,0.72,0.39,0.00,0.00,23.1,0,0,0,0.8,0.8,0.06,-0.8,-0.8
86,Nathaniel Clyne,eng ENG,DF,Crystal Palace,30,1991,15.0,0,3,2,66.7,0.20,0.13,0.00,0.00,24.5,0,0,0,0.1,0.1,0.04,-0.1,-0.1
87,Conor Coady,eng ENG,DF,Wolves,28,1993,37.3,4,12,4,33.3,0.32,0.11,0.33,1.00,11.7,0,0,0,2.0,2.0,0.16,+2.0,+2.0
88,Séamus Coleman,ie IRL,DF,Everton,32,1988,29.5,1,8,1,12.5,0.27,0.03,0.13,1.00,17.2,0,0,0,1.0,1.0,0.12,0.0,0.0
89,Nathan Collins,ie IRL,DF,Burnley,20,2001,18.6,2,15,5,33.3,0.81,0.27,0.13,0.40,8.4,0,0,0,1.6,1.6,0.10,+0.4,+0.4
90,Aaron Connolly,ie IRL,FW,Brighton,21,2000,1.7,0,2,0,0.0,1.15,0.00,0.00,,14.9,0,0,0,0.5,0.5,0.23,-0.5,-0.5
91,Liam Cooper,sct SCO,DF,Leeds United,29,1991,20.2,0,5,1,20.0,0.25,0.05,0.00,0.00,10.2,0,0,0,0.3,0.3,0.06,-0.3,-0.3
92,Jack Cork,eng ENG,MF,Burnley,32,1989,18.6,1,7,1,14.3,0.38,0.05,0.14,1.00,17.4,0,0,0,0.8,0.8,0.11,+0.2,+0.2
93,Maxwel Cornet,ci CIV,"FW,MF",Burnley,24,1996,19.6,9,46,22,47.8,2.34,1.12,0.20,0.41,16.6,4,0,1,6.7,5.9,0.13,+2.3,+3.1
94,Hélder Costa,ao ANG,MF,Leeds United,27,1994,0.2,0,1,0,0.0,4.09,0.00,0.00,,22.4,0,0,0,0.0,0.0,0.03,0.0,0.0
95,Vladimír Coufal,cz CZE,DF,West Ham,28,1992,24.5,0,11,4,36.4,0.45,0.16,0.00,0.00,17.0,0,0,0,0.6,0.6,0.06,-0.6,-0.6
96,Philippe Coutinho,br BRA,"MF,FW",Aston Villa,29,1992,14.8,5,43,16,37.2,2.91,1.08,0.12,0.31,20.6,5,0,0,3.7,3.7,0.09,+1.3,+1.3
97,Aaron Cresswell,eng ENG,DF,West Ham,31,1989,30.3,2,18,3,16.7,0.59,0.10,0.11,0.67,19.9,8,0,0,1.1,1.1,0.06,+0.9,+0.9
98,Charlie Cresswell,eng ENG,DF,Leeds United,18,2002,1.6,0,1,0,0.0,0.64,0.00,0.00,,10.0,0,0,0,0.1,0.1,0.08,-0.1,-0.1
99,Cucho,co COL,"FW,MF",Watford,22,1999,12.7,5,35,10,28.6,2.75,0.78,0.14,0.50,18.7,5,0,0,2.5,2.5,0.07,+2.5,+2.5
100,Marc Cucurella,es ESP,DF,Brighton,23,1998,34.3,1,18,3,16.7,0.52,0.09,0.06,0.33,20.9,0,0,0,0.7,0.7,0.04,+0.3,+0.3
101,Luke Cundle,eng ENG,MF,Wolves,19,2002,2.0,0,0,0,,0.00,0.00,,,,0,0,0,0.0,0.0,,0.0,0.0
102,Patson Daka,zm ZAM,FW,Leicester City,22,1998,12.9,5,26,15,57.7,2.02,1.16,0.19,0.33,15.4,0,0,0,4.7,4.7,0.18,+0.3,+0.3
103,Stuart Dallas,nir NIR,"DF,MF",Leeds United,30,1991,32.4,1,31,8,25.8,0.96,0.25,0.03,0.13,21.1,0,0,0,2.0,2.0,0.06,-1.0,-1.0
104,Diogo Dalot,pt POR,DF,Manchester Utd,22,1999,20.0,0,13,4,30.8,0.65,0.20,0.00,0.00,21.2,0,0,0,0.7,0.7,0.05,-0.7,-0.7
105,Karl Darlow,eng ENG,GK,Newcastle Utd,30,1990,8.0,0,0,0,,0.00,0.00,,,,0,0,0,0.0,0.0,,0.0,0.0
106,Josh Dasilva,eng ENG,"MF,FW",Brentford,22,1998,2.9,0,1,0,0.0,0.35,0.00,0.00,,14.2,0,0,0,0.0,0.0,0.05,0.0,0.0
107,Ben Davies,wls WAL,DF,Tottenham,28,1993,28.2,1,19,7,36.8,0.67,0.25,0.05,0.14,16.3,0,0,0,1.8,1.8,0.09,-0.8,-0.8
108,Tom Davies,eng ENG,MF,Everton,23,1998,2.6,1,6,2,33.3,2.31,0.77,0.17,0.50,16.4,0,0,0,0.9,0.9,0.15,+0.1,+0.1
109,Keinan Davis,eng ENG,FW,Aston Villa,23,1998,0.1,0,0,0,,0.00,0.00,,,,0,0,0,0.0,0.0,,0.0,0.0
110,Craig Dawson,eng ENG,DF,West Ham,31,1990,30.6,2,25,5,20.0,0.82,0.16,0.08,0.40,7.7,0,0,0,2.9,2.9,0.12,-0.9,-0.9
111,Kevin De Bruyne,be BEL,MF,Manchester City,30,1991,24.5,15,77,31,40.3,3.15,1.27,0.19,0.48,18.6,7,0,0,6.4,6.4,0.08,+8.6,+8.6
112,Troy Deeney,eng ENG,FW,Watford,33,1988,0.3,0,2,0,0.0,7.20,0.00,0.00,,9.0,0,0,0,0.4,0.4,0.20,-0.4,-0.4
113,Liam Delap,eng ENG,FW,Manchester City,18,2003,0.1,0,0,0,,0.00,0.00,,,,0,0,0,0.0,0.0,,0.0,0.0
114,Fabian Delph,eng ENG,MF,Everton,31,1989,7.4,0,2,0,0.0,0.27,0.00,0.00,,25.5,0,0,0,0.0,0.0,0.02,0.0,0.0
115,Leander Dendoncker,be BEL,MF,Wolves,26,1995,21.7,2,23,10,43.5,1.06,0.46,0.09,0.20,15.2,0,0,0,2.6,2.6,0.11,-0.6,-0.6
116,Emmanuel Dennis,ng NGA,"FW,MF",Watford,23,1997,28.7,10,61,27,44.3,2.13,0.94,0.16,0.37,14.9,6,0,0,7.5,7.5,0.12,+2.5,+2.5
117,Kiernan Dewsbury Hall,eng ENG,MF,Leicester City,22,1998,23.4,1,21,3,14.3,0.90,0.13,0.05,0.33,20.7,1,0,0,1.3,1.3,0.06,-0.3,-0.3
118,Ibrahima Diallo,fr FRA,MF,Southampton,22,1999,11.4,0,8,4,50.0,0.70,0.35,0.00,0.00,20.6,0,0,0,0.5,0.5,0.06,-0.5,-0.5
119,Raphael Dias Belloli,br BRA,"FW,MF",Leeds United,24,1996,32.4,11,85,21,24.7,2.62,0.65,0.08,0.33,20.2,10,4,4,11.2,8.2,0.10,-0.2,-1.2
120,Rúben Dias,pt POR,DF,Manchester City,24,1997,26.7,2,18,4,22.2,0.67,0.15,0.11,0.50,10.6,0,0,0,2.2,2.2,0.12,-0.2,-0.2
121,Luis Díaz,co COL,FW,Liverpool,24,1997,10.6,4,38,14,36.8,3.57,1.32,0.11,0.29,16.0,0,0,0,4.5,4.5,0.12,-0.5,-0.5
122,Eric Dier,eng ENG,DF,Tottenham,27,1994,34.1,0,13,4,30.8,0.38,0.12,0.00,0.00,13.5,4,0,0,1.0,1.0,0.08,-1.0,-1.0
123,Lucas Digne,fr FRA,DF,Aston Villa,28,1993,14.1,0,9,2,22.2,0.64,0.14,0.00,0.00,17.8,1,0,0,0.6,0.6,0.06,-0.6,-0.6
124,Lucas Digne,fr FRA,DF,Everton,28,1993,13.0,0,9,1,11.1,0.69,0.08,0.00,0.00,21.1,3,0,0,0.4,0.4,0.05,-0.4,-0.4
125,Virgil van Dijk,nl NED,DF,Liverpool,30,1991,34.0,3,35,13,37.1,1.03,0.38,0.09,0.23,11.8,1,0,0,2.4,2.4,0.07,+0.6,+0.6
126,Issa Diop,fr FRA,DF,West Ham,24,1997,10.7,0,2,2,100.0,0.19,0.19,0.00,0.00,7.6,0,0,0,0.1,0.1,0.07,-0.1,-0.1
127,Moussa Djenepo,ml MLI,MF,Southampton,23,1998,5.1,0,11,1,9.1,2.17,0.20,0.00,0.00,16.1,0,0,0,1.5,1.5,0.14,-1.5,-1.5
128,Lewis Dobbin,eng ENG,"FW,MF",Everton,18,2003,0.4,0,0,0,,0.00,0.00,,,,0,0,0,0.0,0.0,,0.0,0.0
129,Matt Doherty,ie IRL,DF,Tottenham,29,1992,9.7,2,16,6,37.5,1.65,0.62,0.13,0.33,13.8,0,0,0,2.5,2.5,0.16,-0.5,-0.5
130,Gabriel Dos Santos,br BRA,DF,Arsenal,23,1997,34.0,5,30,12,40.0,0.88,0.35,0.17,0.42,11.0,0,0,0,2.7,2.7,0.09,+2.3,+2.3
131,Abdoulaye Doucouré,ml MLI,MF,Everton,28,1993,28.2,2,34,10,29.4,1.21,0.35,0.06,0.20,17.3,0,0,0,2.7,2.7,0.08,-0.7,-0.7
132,Kieran Dowell,eng ENG,"FW,MF",Norwich City,23,1997,10.1,1,8,2,25.0,0.79,0.20,0.13,0.50,22.1,3,0,0,1.2,1.2,0.15,-0.2,-0.2
133,Cody Drameh,eng ENG,DF,Leeds United,19,2001,1.4,0,0,0,,0.00,0.00,,,,0,0,0,0.0,0.0,,0.0,0.0
134,Martin Dúbravka,sk SVK,GK,Newcastle Utd,32,1989,26.0,0,0,0,,0.00,0.00,,,,0,0,0,0.0,0.0,,0.0,0.0
135,Shane Duffy,ie IRL,DF,Brighton,29,1992,16.0,1,21,5,23.8,1.32,0.31,0.05,0.20,9.4,0,0,0,1.3,1.3,0.06,-0.3,-0.3
136,Paul Dummett,wls WAL,DF,Newcastle Utd,29,1991,2.2,0,0,0,,0.00,0.00,,,,0,0,0,0.0,0.0,,0.0,0.0
137,Lewis Dunk,eng ENG,DF,Brighton,29,1991,28.6,1,19,7,36.8,0.66,0.24,0.05,0.14,10.0,0,0,0,1.2,1.2,0.06,-0.2,-0.2
138,Ederson,br BRA,GK,Manchester City,27,1993,37.0,0,0,0,,0.00,0.00,,,,0,0,0,0.0,0.0,,0.0,0.0
139,Odsonne Édouard,fr FRA,FW,Crystal Palace,23,1998,17.4,6,38,17,44.7,2.19,0.98,0.13,0.29,12.7,0,1,1,6.9,6.1,0.16,-0.9,-1.1
140,CJ Egan-Riley,eng ENG,DF,Manchester City,18,2003,0.0,0,0,0,,0.00,0.00,,,,0,0,0,0.0,0.0,,0.0,0.0
141,Anthony Elanga,se SWE,FW,Manchester Utd,19,2002,13.5,2,21,7,33.3,1.56,0.52,0.10,0.29,15.4,0,0,0,3.0,3.0,0.14,-1.0,-1.0
142,Harvey Elliott,eng ENG,MF,Liverpool,18,2003,3.8,0,10,1,10.0,2.60,0.26,0.00,0.00,17.2,0,0,0,0.9,0.9,0.09,-0.9,-0.9
143,Mohamed Elneny,eg EGY,MF,Arsenal,29,1992,9.0,0,8,2,25.0,0.89,0.22,0.00,0.00,25.7,0,0,0,0.2,0.2,0.02,-0.2,-0.2
144,Mohamed Elyounoussi,no NOR,"MF,FW",Southampton,26,1994,22.7,4,43,17,39.5,1.90,0.75,0.09,0.24,13.7,0,0,0,6.0,6.0,0.15,-2.0,-2.0
145,Emerson,br BRA,DF,Tottenham,22,1999,25.4,1,15,4,26.7,0.59,0.16,0.07,0.25,14.6,0,0,0,1.5,1.5,0.10,-0.5,-0.5
146,Christian Eriksen,dk DEN,MF,Brentford,29,1992,10.4,1,22,8,36.4,2.11,0.77,0.05,0.13,23.2,5,0,0,1.4,1.4,0.07,-0.4,-0.4
147,Oghenekaro Etebo,ng NGA,MF,Watford,25,1995,4.5,0,3,0,0.0,0.67,0.00,0.00,,30.9,0,0,0,0.0,0.0,0.02,0.0,0.0
148,Jonny Evans,nir NIR,DF,Leicester City,33,1988,15.0,1,3,2,66.7,0.20,0.13,0.33,0.50,5.7,0,0,0,0.7,0.7,0.25,+0.3,+0.3
149,Eberechi Eze,eng ENG,"MF,FW",Crystal Palace,23,1998,6.7,1,10,1,10.0,1.49,0.15,0.10,1.00,20.2,1,0,0,0.5,0.5,0.05,+0.5,+0.5
150,Łukasz Fabiański,pl POL,GK,West Ham,36,1985,37.0,0,0,0,,0.00,0.00,,,,0,0,0,0.0,0.0,,0.0,0.0
151,Fabinho,br BRA,MF,Liverpool,27,1993,25.7,5,19,7,36.8,0.74,0.27,0.16,0.43,18.8,1,2,2,3.4,1.9,0.11,+1.6,+1.1
152,Kiko Femenía,es ESP,DF,Watford,30,1991,23.8,0,3,1,33.3,0.13,0.04,0.00,0.00,19.6,0,0,0,0.1,0.1,0.03,-0.1,-0.1
153,Evan Ferguson,ie IRL,MF,Brighton,16,2004,0.3,0,0,0,,0.00,0.00,,,,0,0,0,0.0,0.0,,0.0,0.0
154,Nathan Ferguson,eng ENG,DF,Crystal Palace,20,2000,0.1,0,0,0,,0.00,0.00,,,,0,0,0,0.0,0.0,,0.0,0.0
155,Bruno Fernandes,pt POR,MF,Manchester Utd,26,1994,34.6,10,87,29,33.3,2.52,0.84,0.11,0.34,21.2,6,0,2,9.7,8.2,0.09,+0.3,+1.8
156,Álvaro Fernández,es ESP,GK,Brentford,23,1998,12.0,0,0,0,,0.00,0.00,,,,0,0,0,0.0,0.0,,0.0,0.0
157,Federico Fernández,ar ARG,DF,Newcastle Utd,32,1989,5.8,0,6,1,16.7,1.03,0.17,0.00,0.00,9.2,0,0,0,0.4,0.4,0.07,-0.4,-0.4
158,Fernandinho,br BRA,"MF,DF",Manchester City,36,1985,10.7,2,18,3,16.7,1.68,0.28,0.11,0.67,16.4,0,0,0,1.6,1.6,0.09,+0.4,+0.4
159,Roberto Firmino,br BRA,FW,Liverpool,29,1991,11.0,5,30,11,36.7,2.73,1.00,0.17,0.45,15.1,0,0,0,5.0,5.0,0.17,0.0,0.0
160,Junior Firpo,es ESP,DF,Leeds United,24,1996,19.0,0,12,1,8.3,0.63,0.05,0.00,0.00,13.3,0,0,0,0.9,0.9,0.08,-0.9,-0.9
161,Ashley Fletcher,eng ENG,FW,Watford,25,1995,0.3,0,2,1,50.0,6.00,3.00,0.00,0.00,19.9,0,0,0,0.4,0.4,0.19,-0.4,-0.4
162,Phil Foden,eng ENG,FW,Manchester City,21,2000,23.6,9,58,22,37.9,2.45,0.93,0.16,0.41,14.1,0,0,0,9.1,9.1,0.16,-0.1,-0.1
163,Wesley Fofana,fr FRA,DF,Leicester City,20,2000,7.0,0,3,1,33.3,0.43,0.14,0.00,0.00,8.0,0,0,0,0.2,0.2,0.08,-0.2,-0.2
164,Pablo Fornals,es ESP,"FW,MF",West Ham,25,1996,31.1,6,43,11,25.6,1.38,0.35,0.14,0.55,18.4,0,0,0,5.0,5.0,0.12,+1.0,+1.0
165,Adam Forshaw,eng ENG,MF,Leeds United,29,1991,17.0,0,14,4,28.6,0.82,0.24,0.00,0.00,25.5,1,0,0,0.4,0.4,0.03,-0.4,-0.4
166,Marcus Forss,fi FIN,"FW,MF",Brentford,22,1999,2.3,0,5,0,0.0,2.15,0.00,0.00,,14.0,0,0,0,0.2,0.2,0.05,-0.2,-0.2
167,Fraser Forster,eng ENG,GK,Southampton,33,1988,19.0,0,0,0,,0.00,0.00,,,,0,0,0,0.0,0.0,,0.0,0.0
168,Ben Foster,eng ENG,GK,Watford,38,1983,26.0,0,0,0,,0.00,0.00,,,,0,0,0,0.0,0.0,,0.0,0.0
169,Tariqe Fosu,gh GHA,DF,Brentford,25,1995,0.2,0,1,0,0.0,5.29,0.00,0.00,,18.4,0,0,0,0.0,0.0,0.03,0.0,0.0
170,Ryan Fraser,sct SCO,"FW,MF",Newcastle Utd,27,1994,16.3,2,24,7,29.2,1.47,0.43,0.08,0.29,17.2,0,0,0,2.8,2.8,0.12,-0.8,-0.8
171,Fred,br BRA,MF,Manchester Utd,28,1993,22.5,4,15,9,60.0,0.67,0.40,0.27,0.44,20.2,0,0,0,1.5,1.5,0.10,+2.5,+2.5
172,Ryan Fredericks,eng ENG,DF,West Ham,28,1992,3.4,0,0,0,,0.00,0.00,,,,0,0,0,0.0,0.0,,0.0,0.0
173,Leo Fuhr Hjelde,no NOR,DF,Leeds United,17,2003,1.7,0,0,0,,0.00,0.00,,,,0,0,0,0.0,0.0,,0.0,0.0
174,Conor Gallagher,eng ENG,MF,Crystal Palace,21,2000,31.6,8,52,22,42.3,1.64,0.70,0.15,0.36,16.5,4,0,0,5.8,5.8,0.11,+2.2,+2.2
175,Alejandro Garnacho,es ESP,FW,Manchester Utd,17,2004,0.1,0,0,0,,0.00,0.00,,,,0,0,0,0.0,0.0,,0.0,0.0
176,Dwight Gayle,eng ENG,FW,Newcastle Utd,30,1990,0.4,0,2,0,0.0,4.74,0.00,0.00,,7.0,0,0,0,0.3,0.3,0.15,-0.3,-0.3
177,Jean-Philippe Gbamin,ci CIV,MF,Everton,25,1995,0.7,0,0,0,,0.00,0.00,,,,0,0,0,0.0,0.0,,0.0,0.0
178,David de Gea,es ESP,GK,Manchester Utd,30,1990,38.0,0,0,0,,0.00,0.00,,,,0,0,0,0.0,0.0,,0.0,0.0
179,Joe Gelhardt,eng ENG,"FW,MF",Leeds United,19,2002,8.3,2,22,9,40.9,2.65,1.09,0.09,0.22,15.8,0,0,0,3.1,3.1,0.14,-1.1,-1.1
180,Anwar El Ghazi,nl NED,"FW,MF",Aston Villa,26,1995,4.3,1,7,2,28.6,1.63,0.47,0.00,0.00,21.3,0,1,1,1.1,0.3,0.04,-0.1,-0.3
181,Anwar El Ghazi,nl NED,FW,Everton,26,1995,0.1,0,0,0,,0.00,0.00,,,,0,0,0,0.0,0.0,,0.0,0.0
182,Saman Ghoddos,ir IRN,"DF,MF",Brentford,27,1993,6.0,1,8,2,25.0,1.34,0.34,0.13,0.50,20.0,1,0,0,0.6,0.6,0.08,+0.4,+0.4
183,Dimitris Giannoulis,gr GRE,DF,Norwich City,25,1995,13.0,0,3,2,66.7,0.23,0.15,0.00,0.00,18.7,0,0,0,0.2,0.2,0.05,-0.2,-0.2
184,Morgan Gibbs-White,eng ENG,"FW,MF",Wolves,21,2000,0.1,0,2,0,0.0,20.00,0.00,0.00,,16.2,0,0,0,0.1,0.1,0.06,-0.1,-0.1
185,Ben Gibson,eng ENG,DF,Norwich City,28,1993,27.7,0,8,4,50.0,0.29,0.14,0.00,0.00,10.0,0,0,0,1.2,1.2,0.15,-1.2,-1.2
186,Billy Gilmour,sct SCO,MF,Norwich City,20,2001,20.6,0,18,3,16.7,0.87,0.15,0.00,0.00,22.3,2,0,0,1.0,1.0,0.06,-1.0,-1.0
187,Ben Godfrey,eng ENG,DF,Everton,23,1998,22.5,0,18,6,33.3,0.80,0.27,0.00,0.00,16.7,0,0,0,1.1,1.1,0.06,-1.1,-1.1
188,André Gomes,pt POR,MF,Everton,28,1993,6.9,0,14,4,28.6,2.04,0.58,0.00,0.00,22.3,0,0,0,0.7,0.7,0.05,-0.7,-0.7
189,Toti Gomes,pt POR,DF,Wolves,22,1999,4.0,0,1,0,0.0,0.25,0.00,0.00,,8.0,0,0,0,0.1,0.1,0.05,-0.1,-0.1
190,Joe Gomez,eng ENG,DF,Liverpool,24,1997,3.7,0,1,0,0.0,0.27,0.00,0.00,,29.1,0,0,0,0.0,0.0,0.01,0.0,0.0
191,Charlie Goode,eng ENG,DF,Brentford,25,1995,5.0,0,2,0,0.0,0.40,0.00,0.00,,10.5,0,0,0,0.1,0.1,0.07,-0.1,-0.1
192,Anthony Gordon,eng ENG,"MF,FW",Everton,20,2001,25.4,4,44,19,43.2,1.73,0.75,0.09,0.21,18.5,5,0,0,3.4,3.4,0.08,+0.6,+0.6
193,Kaide Gordon,eng ENG,FW,Liverpool,16,2004,0.1,0,1,1,100.0,10.00,10.00,0.00,0.00,19.0,0,0,0,0.4,0.4,0.45,-0.4,-0.4
194,Dan Gosling,eng ENG,MF,Watford,31,1990,1.8,1,2,1,50.0,1.08,0.54,0.50,1.00,15.6,0,0,0,0.2,0.2,0.09,+0.8,+0.8
195,Demarai Gray,eng ENG,"MF,FW",Everton,25,1996,26.0,5,65,15,23.1,2.50,0.58,0.08,0.33,20.2,4,0,0,4.5,4.5,0.07,+0.5,+0.5
196,Jack Grealish,eng ENG,FW,Manchester City,25,1995,21.3,3,45,16,35.6,2.12,0.75,0.07,0.19,14.3,0,0,0,4.8,4.8,0.11,-1.8,-1.8
197,Mason Greenwood,eng ENG,"FW,MF",Manchester Utd,19,2001,14.1,5,48,18,37.5,3.40,1.27,0.10,0.28,18.7,0,0,0,4.4,4.4,0.09,+0.6,+0.6
198,Sam Greenwood,eng ENG,"MF,FW",Leeds United,19,2002,2.6,0,4,0,0.0,1.52,0.00,0.00,,19.4,1,0,0,0.4,0.4,0.09,-0.4,-0.4
199,Pascal Groß,de GER,"MF,DF",Brighton,30,1991,22.6,2,23,7,30.4,1.02,0.31,0.09,0.29,16.7,1,0,1,2.9,2.2,0.09,-0.9,-0.2
200,Vicente Guaita,es ESP,GK,Crystal Palace,34,1987,29.5,0,0,0,,0.00,0.00,,,,0,0,0,0.0,0.0,,0.0,0.0
201,Marc Guéhi,eng ENG,DF,Crystal Palace,21,2000,35.8,2,18,5,27.8,0.50,0.14,0.11,0.40,10.3,0,0,0,1.9,1.9,0.10,+0.1,+0.1
202,Bruno Guimarães,br BRA,MF,Newcastle Utd,23,1997,11.5,5,22,11,50.0,1.91,0.96,0.23,0.45,18.4,0,0,0,2.9,2.9,0.14,+2.1,+2.1
203,İlkay Gündoğan,de GER,MF,Manchester City,30,1990,20.6,8,55,18,32.7,2.67,0.87,0.15,0.44,13.9,2,0,0,8.6,8.6,0.16,-0.6,-0.6
204,Angus Gunn,eng ENG,GK,Norwich City,25,1996,9.0,0,0,0,,0.00,0.00,,,,0,0,0,0.0,0.0,,0.0,0.0
205,Grant Hanley,sct SCO,DF,Norwich City,29,1991,32.2,1,20,4,20.0,0.62,0.12,0.05,0.25,8.1,0,0,0,1.9,1.9,0.09,-0.9,-0.9
206,Jack Harrison,eng ENG,"FW,MF",Leeds United,24,1996,29.3,8,44,17,38.6,1.50,0.58,0.18,0.47,16.9,0,0,0,4.0,4.0,0.09,+4.0,+4.0
207,Kortney Hause,eng ENG,DF,Aston Villa,26,1995,4.4,1,2,2,100.0,0.45,0.45,0.50,0.50,10.1,0,0,0,0.1,0.1,0.04,+0.9,+0.9
208,Kai Havertz,de GER,"FW,MF",Chelsea,22,1999,20.1,8,56,23,41.1,2.79,1.14,0.14,0.35,12.2,0,0,0,9.7,9.7,0.17,-1.7,-1.7
209,Isaac Hayden,eng ENG,"MF,DF",Newcastle Utd,26,1995,11.1,1,6,1,16.7,0.54,0.09,0.17,1.00,12.8,0,0,0,0.4,0.4,0.07,+0.6,+0.6
210,Hwang Hee-chan,kr KOR,"FW,MF",Wolves,25,1996,20.2,5,29,12,41.4,1.44,0.59,0.17,0.42,15.1,0,0,0,4.0,4.0,0.14,+1.0,+1.0
211,Jordan Henderson,eng ENG,MF,Liverpool,31,1990,28.9,2,31,6,19.4,1.07,0.21,0.06,0.33,23.0,1,0,0,1.5,1.5,0.05,+0.5,+0.5
212,Jeff Hendrick,ie IRL,MF,Newcastle Utd,29,1992,0.8,1,1,1,100.0,1.25,1.25,1.00,1.00,27.0,0,0,0,0.0,0.0,0.03,+1.0,+1.0
213,Wayne Hennessey,wls WAL,GK,Burnley,34,1987,2.0,0,0,0,,0.00,0.00,,,,0,0,0,0.0,0.0,,0.0,0.0
214,Rico Henry,eng ENG,DF,Brentford,24,1997,30.8,3,14,5,35.7,0.45,0.16,0.21,0.60,16.0,0,0,0,1.8,1.8,0.13,+1.2,+1.2
215,Son Heung-min,kr KOR,"FW,MF",Tottenham,29,1992,33.4,23,86,47,54.7,2.57,1.41,0.27,0.49,15.4,2,0,0,16.4,16.4,0.19,+6.6,+6.6
216,Ki-Jana Hoever,nl NED,DF,Wolves,19,2002,3.4,0,1,0,0.0,0.29,0.00,0.00,,22.2,0,0,0,0.0,0.0,0.02,0.0,0.0
217,Rob Holding,eng ENG,DF,Arsenal,25,1995,9.4,1,4,1,25.0,0.43,0.11,0.25,1.00,6.8,0,0,0,0.3,0.3,0.07,+0.7,+0.7
218,Mason Holgate,eng ENG,DF,Everton,24,1996,23.7,2,7,2,28.6,0.30,0.08,0.29,1.00,9.8,0,0,0,1.1,1.1,0.15,+0.9,+0.9
219,Callum Hudson-Odoi,eng ENG,"FW,MF",Chelsea,20,2000,10.7,1,17,7,41.2,1.59,0.65,0.06,0.14,13.2,0,0,0,2.1,2.1,0.12,-1.1,-1.1
220,Will Hughes,eng ENG,MF,Crystal Palace,26,1995,11.7,0,6,0,0.0,0.51,0.00,0.00,,21.3,0,0,0,0.2,0.2,0.03,-0.2,-0.2
221,Pierre Højbjerg,dk DEN,MF,Tottenham,25,1995,35.5,2,31,10,32.3,0.87,0.28,0.06,0.20,21.9,1,0,0,2.0,2.0,0.07,0.0,0.0
222,Adam Idah,ie IRL,"FW,MF",Norwich City,20,2001,6.9,1,14,4,28.6,2.02,0.58,0.07,0.25,12.4,0,0,0,2.0,2.0,0.14,-1.0,-1.0
223,Kelechi Iheanacho,ng NGA,FW,Leicester City,24,1996,14.0,4,31,11,35.5,2.21,0.78,0.13,0.36,17.1,0,0,0,3.4,3.4,0.11,+0.6,+0.6
224,Danny Ings,eng ENG,FW,Aston Villa,29,1992,21.1,7,48,17,35.4,2.28,0.81,0.13,0.35,13.3,0,1,1,7.3,6.6,0.14,-0.3,-0.6
225,Tim Iroegbunam,eng ENG,MF,Aston Villa,18,2003,1.0,0,1,0,0.0,0.98,0.00,0.00,,11.0,0,0,0,0.1,0.1,0.13,-0.1,-0.1
226,Alex Iwobi,ng NGA,"MF,DF",Everton,25,1996,22.6,2,24,6,25.0,1.06,0.27,0.08,0.33,16.4,0,0,0,1.7,1.7,0.07,+0.3,+0.3
227,Daniel James,wls WAL,FW,Manchester Utd,23,1997,1.4,0,4,1,25.0,2.86,0.71,0.00,0.00,17.3,0,0,0,0.2,0.2,0.06,-0.2,-0.2
228,Daniel James,wls WAL,"FW,MF",Leeds United,23,1997,26.3,4,52,15,28.8,1.98,0.57,0.08,0.27,15.5,0,0,0,5.7,5.7,0.11,-1.7,-1.7
229,Reece James,eng ENG,DF,Chelsea,21,1999,20.7,5,37,10,27.0,1.79,0.48,0.14,0.50,20.4,6,0,0,2.6,2.6,0.07,+2.4,+2.4
230,Vitaly Janelt,de GER,MF,Brentford,23,1998,25.5,4,30,11,36.7,1.17,0.43,0.13,0.36,17.7,0,0,0,2.6,2.6,0.09,+1.4,+1.4
231,Pontus Jansson,se SWE,DF,Brentford,30,1991,36.9,3,23,10,43.5,0.62,0.27,0.13,0.30,8.2,0,0,0,2.9,2.9,0.13,+0.1,+0.1
232,Mathias Jensen,dk DEN,MF,Brentford,25,1996,17.8,0,19,6,31.6,1.07,0.34,0.00,0.00,21.0,0,0,0,2.5,2.5,0.13,-2.5,-2.5
233,Gabriel Jesus,br BRA,FW,Manchester City,24,1997,20.9,8,63,21,33.3,3.02,1.01,0.11,0.33,13.2,0,1,1,10.1,9.4,0.15,-2.1,-2.4
234,Raúl Jiménez,mx MEX,FW,Wolves,30,1991,29.2,6,57,15,26.3,1.95,0.51,0.09,0.33,16.1,1,1,1,6.6,6.1,0.11,-0.6,-1.1
235,Joelinton,br BRA,"MF,FW",Newcastle Utd,24,1996,28.4,4,46,14,30.4,1.62,0.49,0.09,0.29,16.9,0,0,0,4.1,4.1,0.09,-0.1,-0.1
236,Ben Johnson,eng ENG,DF,West Ham,21,2000,15.5,1,5,1,20.0,0.32,0.06,0.20,1.00,23.6,0,0,0,0.1,0.1,0.02,+0.9,+0.9
237,Curtis Jones,eng ENG,MF,Liverpool,20,2001,9.5,1,19,7,36.8,2.01,0.74,0.05,0.14,22.1,0,0,0,0.9,0.9,0.05,+0.1,+0.1
238,Phil Jones,eng ENG,DF,Manchester Utd,29,1992,1.8,0,0,0,,0.00,0.00,,,,0,0,0,0.0,0.0,,0.0,0.0
239,Jorginho,it ITA,MF,Chelsea,29,1991,25.3,6,9,2,22.2,0.36,0.08,0.00,0.00,29.7,0,6,7,5.7,0.4,0.05,+0.3,-0.4
240,Diogo Jota,pt POR,FW,Liverpool,24,1996,26.3,15,91,33,36.3,3.46,1.26,0.16,0.45,11.8,0,0,0,16.1,16.1,0.18,-1.1,-1.1
241,James Justin,eng ENG,DF,Leicester City,23,1998,11.1,0,5,1,20.0,0.45,0.09,0.00,0.00,10.6,0,0,0,0.6,0.6,0.13,-0.6,-0.6
242,Mathias Jørgensen,dk DEN,DF,Brentford,31,1990,5.8,1,2,1,50.0,0.35,0.17,0.50,1.00,6.9,0,0,0,0.1,0.1,0.05,+0.9,+0.9
243,Ozan Kabak,tr TUR,DF,Norwich City,21,2000,10.2,0,4,2,50.0,0.39,0.20,0.00,0.00,15.0,0,0,0,0.2,0.2,0.05,-0.2,-0.2
244,Christian Kabasele,be BEL,DF,Watford,30,1991,13.3,0,7,0,0.0,0.53,0.00,0.00,,8.8,0,0,0,0.7,0.7,0.10,-0.7,-0.7
245,Samuel Kalu,ng NGA,FW,Watford,23,1997,2.5,0,4,1,25.0,1.62,0.41,0.00,0.00,21.9,1,0,0,0.3,0.3,0.07,-0.3,-0.3
246,Hassane Kamara,ci CIV,DF,Watford,27,1994,18.0,1,5,1,20.0,0.28,0.06,0.20,1.00,25.3,0,0,0,0.2,0.2,0.03,+0.8,+0.8
247,Harry Kane,eng ENG,FW,Tottenham,28,1993,35.9,17,131,51,38.9,3.65,1.42,0.10,0.25,16.9,8,4,4,20.1,17.1,0.13,-3.1,-4.1
248,N'Golo Kanté,fr FRA,MF,Chelsea,30,1991,19.7,2,17,9,52.9,0.86,0.46,0.12,0.22,18.6,0,0,0,1.8,1.8,0.11,+0.2,+0.2
249,Edo Kayembe,cd COD,MF,Watford,22,1998,8.9,0,6,0,0.0,0.68,0.00,0.00,,28.8,0,0,0,0.2,0.2,0.03,-0.2,-0.2
250,Moise Kean,it ITA,FW,Everton,21,2000,0.0,0,0,0,,0.00,0.00,,,,0,0,0,0.0,0.0,,0.0,0.0
251,Michael Keane,eng ENG,DF,Everton,28,1993,31.0,3,20,6,30.0,0.64,0.19,0.15,0.50,11.9,0,0,0,1.2,1.2,0.06,+1.8,+1.8
252,Naby Keïta,gn GUI,MF,Liverpool,26,1995,13.0,3,26,7,26.9,1.99,0.54,0.12,0.43,21.3,0,0,0,2.3,2.3,0.09,+0.7,+0.7
253,Caoimhín Kelleher,ie IRL,GK,Liverpool,22,1998,2.0,0,0,0,,0.00,0.00,,,,0,0,0,0.0,0.0,,0.0,0.0
254,Kenedy,br BRA,DF,Chelsea,25,1996,0.6,0,1,0,0.0,1.55,0.00,0.00,,17.0,0,0,0,0.1,0.1,0.08,-0.1,-0.1
255,Jonjoe Kenny,eng ENG,DF,Everton,24,1997,11.3,0,5,0,0.0,0.44,0.00,0.00,,23.8,0,0,0,0.3,0.3,0.06,-0.3,-0.3
256,Max Kilman,eng ENG,DF,Wolves,24,1997,29.9,1,13,4,30.8,0.44,0.13,0.08,0.25,8.8,0,0,0,1.0,1.0,0.08,0.0,0.0
257,Joshua King,no NOR,FW,Watford,29,1992,25.0,5,48,18,37.5,1.92,0.72,0.08,0.22,14.7,0,1,1,8.0,7.2,0.15,-3.0,-3.2
258,Kristoffer Klaesson,no NOR,GK,Leeds United,20,2000,0.4,0,0,0,,0.00,0.00,,,,0,0,0,0.0,0.0,,0.0,0.0
259,Mateusz Klich,pl POL,MF,Leeds United,31,1990,23.0,1,42,18,42.9,1.82,0.78,0.02,0.06,20.3,0,0,0,2.7,2.7,0.07,-1.7,-1.7
260,Robin Koch,de GER,"MF,DF",Leeds United,25,1996,17.5,0,12,1,8.3,0.69,0.06,0.00,0.00,14.8,0,0,0,0.7,0.7,0.06,-0.7,-0.7
261,Sead Kolašinac,ba BIH,DF,Arsenal,28,1993,1.0,0,0,0,,0.00,0.00,,,,0,0,0,0.0,0.0,,0.0,0.0
262,Ibrahima Konaté,fr FRA,DF,Liverpool,22,1999,11.0,0,4,0,0.0,0.36,0.00,0.00,,9.0,0,0,0,0.3,0.3,0.06,-0.3,-0.3
263,Ezri Konsa,eng ENG,DF,Aston Villa,23,1997,27.5,2,15,6,40.0,0.55,0.22,0.13,0.33,7.0,0,0,0,1.5,1.5,0.10,+0.5,+0.5
264,Cheikhou Kouyaté,sn SEN,MF,Crystal Palace,31,1989,21.9,0,8,0,0.0,0.36,0.00,0.00,,19.2,0,0,0,0.6,0.6,0.07,-0.6,-0.6
265,Mateo Kovačić,hr CRO,MF,Chelsea,27,1994,17.3,2,22,6,27.3,1.27,0.35,0.09,0.33,19.4,1,0,0,1.8,1.8,0.08,+0.2,+0.2
266,Emil Krafth,se SWE,DF,Newcastle Utd,26,1994,18.2,0,6,1,16.7,0.33,0.06,0.00,0.00,19.7,0,0,0,0.2,0.2,0.04,-0.2,-0.2
267,Alex Král,cz CZE,MF,West Ham,23,1998,0.0,0,0,0,,0.00,0.00,,,,0,0,0,0.0,0.0,,0.0,0.0
268,Tim Krul,nl NED,GK,Norwich City,33,1988,29.0,0,0,0,,0.00,0.00,,,,0,0,0,0.0,0.0,,0.0,0.0
269,Juraj Kucka,sk SVK,MF,Watford,34,1987,21.3,1,46,11,23.9,2.16,0.52,0.02,0.09,19.7,3,0,0,3.1,3.1,0.07,-2.1,-2.1
270,Dejan Kulusevski,se SWE,"MF,FW",Tottenham,21,2000,14.0,5,26,9,34.6,1.86,0.64,0.19,0.56,17.1,0,0,0,3.4,3.4,0.13,+1.6,+1.6
271,Alexandre Lacazette,fr FRA,"FW,MF",Arsenal,30,1991,19.8,4,43,12,27.9,2.17,0.61,0.05,0.17,14.8,1,2,3,7.9,5.6,0.13,-3.9,-3.6
272,Adam Lallana,eng ENG,MF,Brighton,33,1988,17.3,0,20,4,20.0,1.15,0.23,0.00,0.00,18.8,0,0,0,1.2,1.2,0.06,-1.2,-1.2
273,Tariq Lamptey,eng ENG,"DF,FW",Brighton,20,2000,17.3,0,19,4,21.1,1.10,0.23,0.00,0.00,19.5,0,0,0,0.8,0.8,0.04,-0.8,-0.8
274,Manuel Lanzini,ar ARG,"MF,FW",West Ham,28,1993,19.8,5,13,4,30.8,0.66,0.20,0.15,0.50,21.6,1,3,3,3.4,1.1,0.09,+1.6,+0.9
275,Aymeric Laporte,es ESP,DF,Manchester City,27,1994,31.4,4,35,7,20.0,1.11,0.22,0.11,0.57,10.7,0,0,0,4.4,4.4,0.13,-0.4,-0.4
276,Jamaal Lascelles,eng ENG,DF,Newcastle Utd,27,1993,22.9,1,16,3,18.8,0.70,0.13,0.06,0.33,8.4,0,0,0,1.1,1.1,0.07,-0.1,-0.1
277,Pierre Lees-Melou,fr FRA,MF,Norwich City,28,1993,25.2,1,33,9,27.3,1.31,0.36,0.03,0.11,23.1,0,0,0,1.6,1.6,0.05,-0.6,-0.6
278,Aaron Lennon,eng ENG,MF,Burnley,34,1987,17.2,2,12,4,33.3,0.70,0.23,0.17,0.50,19.3,0,0,0,1.1,1.1,0.09,+0.9,+0.9
279,Bernd Leno,de GER,GK,Arsenal,29,1992,4.0,0,0,0,,0.00,0.00,,,,0,0,0,0.0,0.0,,0.0,0.0
280,Jamal Lewis,nir NIR,DF,Newcastle Utd,23,1998,2.9,0,0,0,,0.00,0.00,,,,0,0,0,0.0,0.0,,0.0,0.0
281,Victor Lindelöf,se SWE,DF,Manchester Utd,27,1994,26.2,0,4,2,50.0,0.15,0.08,0.00,0.00,6.9,0,0,0,0.3,0.3,0.08,-0.3,-0.3
282,Jesse Lingard,eng ENG,"FW,MF",Manchester Utd,28,1992,4.1,2,8,6,75.0,1.96,1.47,0.25,0.33,17.7,0,0,0,0.7,0.7,0.08,+1.3,+1.3
283,Valentino Livramento,eng ENG,DF,Southampton,18,2002,24.5,1,12,3,25.0,0.49,0.12,0.08,0.33,15.7,0,0,0,1.2,1.2,0.10,-0.2,-0.2
284,Diego Llorente,es ESP,DF,Leeds United,27,1993,26.0,3,10,3,30.0,0.38,0.12,0.30,1.00,8.9,0,0,0,1.4,1.4,0.14,+1.6,+1.6
285,Hugo Lloris,fr FRA,GK,Tottenham,34,1986,38.0,0,0,0,,0.00,0.00,,,,0,0,0,0.0,0.0,,0.0,0.0
286,Giovani Lo Celso,ar ARG,"MF,FW",Tottenham,25,1996,2.6,0,9,0,0.0,3.40,0.00,0.00,,18.5,1,0,0,0.7,0.7,0.08,-0.7,-0.7
287,Jürgen Locadia,nl NED,FW,Brighton,27,1993,0.3,0,1,0,0.0,3.91,0.00,0.00,,20.0,0,0,0,0.1,0.1,0.11,-0.1,-0.1
288,Ruben Loftus-Cheek,eng ENG,"MF,DF",Chelsea,25,1996,15.5,0,19,6,31.6,1.23,0.39,0.00,0.00,17.4,0,0,0,1.2,1.2,0.06,-1.2,-1.2
289,Kevin Long,ie IRL,DF,Burnley,30,1990,4.6,0,4,0,0.0,0.88,0.00,0.00,,11.6,0,0,0,0.2,0.2,0.04,-0.2,-0.2
290,Shane Long,ie IRL,FW,Southampton,34,1987,3.4,1,9,5,55.6,2.63,1.46,0.11,0.20,10.7,0,0,0,1.0,1.0,0.11,0.0,0.0
291,Sean Longstaff,eng ENG,MF,Newcastle Utd,23,1997,16.3,1,15,2,13.3,0.92,0.12,0.07,0.50,23.9,1,0,0,1.2,1.2,0.08,-0.2,-0.2
292,Ademola Lookman,ng NGA,"FW,MF",Leicester City,23,1997,16.1,6,27,12,44.4,1.67,0.74,0.22,0.50,13.9,0,0,0,5.1,5.1,0.19,+0.9,+0.9
293,Jonas Lössl,dk DEN,GK,Brentford,32,1989,2.0,0,0,0,,0.00,0.00,,,,0,0,0,0.0,0.0,,0.0,0.0
294,Imran Louza,ma MAR,MF,Watford,22,1999,15.7,0,17,4,23.5,1.08,0.25,0.00,0.00,27.1,6,0,0,1.1,1.1,0.07,-1.1,-1.1
295,Matthew Lowton,eng ENG,DF,Burnley,32,1989,19.7,1,10,2,20.0,0.51,0.10,0.10,0.50,20.5,0,0,0,0.6,0.6,0.06,+0.4,+0.4
296,Douglas Luiz,br BRA,MF,Aston Villa,23,1998,30.2,2,23,8,34.8,0.76,0.27,0.09,0.25,23.7,8,0,0,2.0,2.0,0.09,0.0,0.0
297,Romelu Lukaku,be BEL,FW,Chelsea,28,1993,17.7,8,42,13,31.0,2.38,0.74,0.17,0.54,13.1,1,1,1,6.8,6.1,0.14,+1.2,+0.9
298,Lyanco,br BRA,DF,Southampton,24,1997,10.1,0,6,0,0.0,0.59,0.00,0.00,,15.2,0,0,0,0.2,0.2,0.04,-0.2,-0.2
299,Alexis Mac Allister,ar ARG,"MF,FW",Brighton,22,1998,23.6,5,57,9,15.8,2.42,0.38,0.05,0.33,20.4,4,2,3,6.5,4.2,0.07,-1.5,-1.2
300,James Maddison,eng ENG,"MF,FW",Leicester City,24,1996,27.3,12,73,33,45.2,2.67,1.21,0.16,0.36,19.8,13,0,0,8.2,8.2,0.11,+3.8,+3.8
301,Harry Maguire,eng ENG,DF,Manchester Utd,28,1993,27.9,1,23,10,43.5,0.82,0.36,0.04,0.10,11.9,0,0,0,1.7,1.7,0.08,-0.7,-0.7
302,Riyad Mahrez,dz ALG,FW,Manchester City,30,1991,16.6,11,56,18,32.1,3.36,1.08,0.13,0.39,17.2,6,4,5,10.1,6.3,0.11,+0.9,+0.7
303,Ainsley Maitland-Niles,eng ENG,MF,Arsenal,23,1997,3.0,0,2,0,0.0,0.67,0.00,0.00,,26.5,0,0,0,0.0,0.0,0.02,0.0,0.0
304,Sadio Mané,sn SEN,FW,Liverpool,29,1992,31.3,16,99,37,37.4,3.16,1.18,0.16,0.43,13.3,0,0,0,16.7,16.7,0.17,-0.7,-0.7
305,Javier Manquillo,es ESP,DF,Newcastle Utd,27,1994,14.0,1,4,2,50.0,0.29,0.14,0.25,0.50,15.5,0,0,0,0.5,0.5,0.12,+0.5,+0.5
306,Fernando Marçal,br BRA,DF,Wolves,32,1989,16.1,0,11,1,9.1,0.68,0.06,0.00,0.00,22.3,0,0,0,0.5,0.5,0.05,-0.5,-0.5
307,Solly March,eng ENG,"DF,FW",Brighton,27,1994,19.4,0,21,10,47.6,1.08,0.52,0.00,0.00,17.3,2,0,0,1.5,1.5,0.07,-1.5,-1.5
308,Pablo Marí,es ESP,DF,Arsenal,27,1993,2.0,0,1,0,0.0,0.50,0.00,0.00,,4.1,0,0,0,0.3,0.3,0.31,-0.3,-0.3
309,Anthony Martial,fr FRA,FW,Manchester Utd,25,1995,2.4,1,5,2,40.0,2.12,0.85,0.20,0.50,12.3,0,0,0,0.4,0.4,0.09,+0.6,+0.6
310,Martinelli,br BRA,"FW,MF",Arsenal,20,2001,20.7,6,50,15,30.0,2.42,0.73,0.10,0.33,14.4,0,1,1,7.2,6.5,0.13,-1.2,-1.5
311,Emiliano Martínez,ar ARG,GK,Aston Villa,28,1992,36.0,0,0,0,,0.00,0.00,,,,0,0,0,0.0,0.0,,0.0,0.0
312,Adam Masina,ma MAR,DF,Watford,27,1994,12.0,0,5,0,0.0,0.42,0.00,0.00,,11.6,0,0,0,0.4,0.4,0.08,-0.4,-0.4
313,Arthur Masuaku,cd COD,"DF,FW",West Ham,27,1993,7.2,1,4,1,25.0,0.55,0.14,0.25,1.00,26.6,0,0,0,0.1,0.1,0.03,+0.9,+0.9
314,Juan Mata,es ESP,MF,Manchester Utd,33,1988,2.6,0,5,1,20.0,1.91,0.38,0.00,0.00,16.0,0,0,0,0.3,0.3,0.06,-0.3,-0.3
315,Jean-Philippe Mateta,fr FRA,FW,Crystal Palace,24,1997,12.7,5,37,18,48.6,2.91,1.41,0.14,0.28,10.5,0,0,0,5.5,5.5,0.15,-0.5,-0.5
316,Nemanja Matić,rs SRB,MF,Manchester Utd,32,1988,15.4,0,6,1,16.7,0.39,0.07,0.00,0.00,23.4,0,0,0,0.2,0.2,0.03,-0.2,-0.2
317,Joël Matip,cm CMR,DF,Liverpool,29,1991,31.0,3,34,7,20.6,1.10,0.23,0.09,0.43,8.7,0,0,0,3.1,3.1,0.09,-0.1,-0.1
318,Neal Maupay,fr FRA,FW,Brighton,24,1996,25.3,8,59,14,23.7,2.33,0.55,0.12,0.50,15.9,0,1,2,7.7,6.2,0.10,+0.3,+0.8
319,Bryan Mbeumo,fr FRA,FW,Brentford,21,1999,32.3,4,77,19,24.7,2.39,0.59,0.04,0.16,15.9,3,1,1,9.7,9.0,0.12,-5.7,-6.0
320,James McArthur,sct SCO,MF,Crystal Palace,33,1987,16.0,0,9,3,33.3,0.56,0.19,0.00,0.00,19.8,0,0,0,0.3,0.3,0.04,-0.3,-0.3
321,James Mcatee,eng ENG,"MF,FW",Manchester City,18,2002,0.2,0,1,0,0.0,4.50,0.00,0.00,,13.0,0,0,0,0.0,0.0,0.04,0.0,0.0
322,Kasey McAteer,eng ENG,FW,Leicester City,19,2001,0.0,0,0,0,,0.00,0.00,,,,0,0,0,0.0,0.0,,0.0,0.0
323,Liam McCarron,sct SCO,FW,Leeds United,20,2001,0.1,0,0,0,,0.00,0.00,,,,0,0,0,0.0,0.0,,0.0,0.0
324,Alex McCarthy,eng ENG,GK,Southampton,31,1989,17.0,0,0,0,,0.00,0.00,,,,0,0,0,0.0,0.0,,0.0,0.0
325,John McGinn,sct SCO,MF,Aston Villa,26,1994,34.3,3,43,15,34.9,1.25,0.44,0.07,0.20,23.8,0,0,0,1.5,1.5,0.04,+1.5,+1.5
326,Stuart McKinstry,sct SCO,MF,Leeds United,18,2002,0.0,0,0,0,,0.00,0.00,,,,0,0,0,0.0,0.0,,0.0,0.0
327,Kenny McLean,sct SCO,MF,Norwich City,29,1992,30.1,1,34,6,17.6,1.13,0.20,0.03,0.17,18.9,0,0,0,1.9,1.9,0.06,-0.9,-0.9
328,Dwight McNeil,eng ENG,MF,Burnley,21,1999,34.5,0,52,15,28.8,1.51,0.43,0.00,0.00,22.1,4,0,0,2.3,2.3,0.04,-2.3,-2.3
329,Scott McTominay,sct SCO,MF,Manchester Utd,24,1996,26.5,1,27,7,25.9,1.02,0.26,0.04,0.14,19.4,0,0,0,1.5,1.5,0.06,-0.5,-0.5
330,Ben Mee,eng ENG,DF,Burnley,31,1989,20.4,3,18,4,22.2,0.88,0.20,0.17,0.75,8.0,0,0,0,1.8,1.8,0.11,+1.2,+1.2
331,Hannibal Mejbri,tn TUN,FW,Manchester Utd,18,2003,0.8,0,1,1,100.0,1.32,1.32,0.00,0.00,22.0,0,0,0,0.1,0.1,0.09,-0.1,-0.1
332,Benjamin Mendy,fr FRA,DF,Manchester City,27,1994,0.9,0,0,0,,0.00,0.00,,,,0,0,0,0.0,0.0,,0.0,0.0
333,Edouard Mendy,sn SEN,GK,Chelsea,29,1992,34.0,0,0,0,,0.00,0.00,,,,0,0,0,0.0,0.0,,0.0,0.0
334,Nampalys Mendy,sn SEN,MF,Leicester City,29,1992,11.5,0,1,1,100.0,0.09,0.09,0.00,0.00,25.3,0,0,0,0.0,0.0,0.02,0.0,0.0
335,Illan Meslier,fr FRA,GK,Leeds United,21,2000,37.6,0,0,0,,0.00,0.00,,,,0,0,0,0.0,0.0,,0.0,0.0
336,Luka Milivojević,rs SRB,MF,Crystal Palace,30,1991,8.6,0,8,0,0.0,0.93,0.00,0.00,,26.6,4,0,0,0.2,0.2,0.03,-0.2,-0.2
337,James Milner,eng ENG,"MF,DF",Liverpool,35,1986,9.5,0,10,2,20.0,1.06,0.21,0.00,0.00,22.8,0,0,0,0.3,0.3,0.03,-0.3,-0.3
338,Yerry Mina,co COL,DF,Everton,26,1994,9.4,0,6,1,16.7,0.64,0.11,0.00,0.00,9.2,0,0,0,0.3,0.3,0.05,-0.3,-0.3
339,Takumi Minamino,jp JPN,"FW,MF",Liverpool,26,1995,2.1,3,7,4,57.1,3.39,1.94,0.43,0.75,13.5,0,0,0,1.8,1.8,0.26,+1.2,+1.2
340,Tyrone Mings,eng ENG,DF,Aston Villa,28,1993,35.4,1,21,5,23.8,0.59,0.14,0.05,0.20,12.4,0,0,0,1.4,1.4,0.07,-0.4,-0.4
341,Tyrick Mitchell,eng ENG,DF,Crystal Palace,21,1999,34.5,0,5,1,20.0,0.15,0.03,0.00,0.00,15.4,0,0,0,0.3,0.3,0.07,-0.3,-0.3
342,Jakub Moder,pl POL,"MF,FW",Brighton,22,1999,18.9,0,28,6,21.4,1.48,0.32,0.00,0.00,16.5,2,0,0,2.4,2.4,0.09,-2.4,-2.4
343,Wesley Moraes,br BRA,FW,Aston Villa,24,1996,0.0,0,0,0,,0.00,0.00,,,,0,0,0,0.0,0.0,,0.0,0.0
344,Tyler Morton,eng ENG,MF,Liverpool,18,2002,0.7,0,0,0,,0.00,0.00,,,,0,0,0,0.0,0.0,,0.0,0.0
345,Mason Mount,eng ENG,"MF,FW",Chelsea,22,1999,26.3,11,75,27,36.0,2.86,1.03,0.13,0.37,17.6,6,1,1,8.9,8.1,0.11,+2.1,+1.9
346,Lucas Moura,br BRA,"FW,MF",Tottenham,28,1992,19.7,2,38,11,28.9,1.93,0.56,0.05,0.18,15.6,0,0,0,3.7,3.7,0.10,-1.7,-1.7
347,João Moutinho,pt POR,MF,Wolves,34,1986,33.0,2,20,7,35.0,0.61,0.21,0.10,0.29,23.7,4,0,0,1.0,1.0,0.05,+1.0,+1.0
348,Bali Mumba,eng ENG,DF,Norwich City,19,2001,0.5,0,0,0,,0.00,0.00,,,,0,0,0,0.0,0.0,,0.0,0.0
349,Jacob Murphy,eng ENG,"FW,DF",Newcastle Utd,26,1995,16.4,1,28,6,21.4,1.71,0.37,0.04,0.17,19.7,1,0,0,2.9,2.9,0.10,-1.9,-1.9
350,Enock Mwepu,zm ZAM,"MF,FW",Brighton,23,1998,11.1,2,19,8,42.1,1.72,0.72,0.11,0.25,19.6,0,0,0,1.9,1.9,0.10,+0.1,+0.1
351,Vitaliy Mykolenko,ua UKR,DF,Everton,22,1999,11.7,1,8,2,25.0,0.68,0.17,0.13,0.50,18.3,0,0,0,0.8,0.8,0.10,+0.2,+0.2
352,Marvelous Nakamba,zw ZIM,MF,Aston Villa,27,1994,10.0,0,0,0,,0.00,0.00,,,,0,0,0,0.0,0.0,,0.0,0.0
353,Wilfred Ndidi,ng NGA,"MF,DF",Leicester City,24,1996,18.0,0,15,4,26.7,0.83,0.22,0.00,0.00,18.0,0,0,0,1.0,1.0,0.07,-1.0,-1.0
354,Tanguy Ndombele,fr FRA,MF,Tottenham,24,1996,5.4,1,9,3,33.3,1.67,0.56,0.11,0.33,17.3,0,0,0,0.5,0.5,0.05,+0.5,+0.5
355,Reiss Nelson,eng ENG,FW,Arsenal,21,1999,0.2,0,1,0,0.0,4.50,0.00,0.00,,18.0,0,0,0,0.0,0.0,0.04,0.0,0.0
356,Pedro Neto,pt POR,"FW,MF",Wolves,21,2000,5.2,1,17,4,23.5,3.28,0.77,0.06,0.25,18.7,2,0,0,1.5,1.5,0.09,-0.5,-0.5
357,Rúben Neves,pt POR,MF,Wolves,24,1997,29.6,4,42,16,38.1,1.42,0.54,0.10,0.25,26.0,4,0,0,1.2,1.2,0.03,+2.8,+2.8
358,Jeremy Ngakia,eng ENG,DF,Watford,20,2000,10.0,0,5,0,0.0,0.50,0.00,0.00,,26.3,0,0,0,0.1,0.1,0.02,-0.1,-0.1
359,Saúl Ñíguez,es ESP,"MF,DF",Chelsea,26,1994,5.3,0,5,1,20.0,0.94,0.19,0.00,0.00,21.8,0,0,0,0.2,0.2,0.05,-0.2,-0.2
360,Eddie Nketiah,eng ENG,FW,Arsenal,22,1999,9.3,5,28,12,42.9,3.02,1.29,0.18,0.42,14.2,0,0,0,4.6,4.6,0.17,+0.4,+0.4
361,Nicolas Nkoulou,cm CMR,DF,Watford,31,1990,1.9,0,0,0,,0.00,0.00,,,,0,0,0,0.0,0.0,,0.0,0.0
362,Mark Noble,eng ENG,MF,West Ham,34,1987,3.7,1,0,0,,0.00,0.00,,,,0,1,2,1.5,0.0,,-0.5,0.0
363,Mathias Normann,no NOR,MF,Norwich City,25,1996,18.3,1,26,5,19.2,1.42,0.27,0.04,0.20,26.6,6,0,0,0.9,0.9,0.04,+0.1,+0.1
364,Christian Nørgaard,dk DEN,MF,Brentford,27,1994,33.9,3,27,8,29.6,0.80,0.24,0.11,0.38,13.1,0,0,0,3.2,3.2,0.12,-0.2,-0.2
365,Angelo Ogbonna,it ITA,DF,West Ham,33,1988,10.2,1,3,1,33.3,0.29,0.10,0.33,1.00,11.1,0,0,0,0.3,0.3,0.09,+0.7,+0.7
366,Michael Olise,fr FRA,"FW,MF",Crystal Palace,19,2001,12.7,2,19,10,52.6,1.50,0.79,0.11,0.20,17.2,2,0,0,1.4,1.4,0.07,+0.6,+0.6
367,Robin Olsen,se SWE,GK,Aston Villa,31,1990,1.0,0,0,0,,0.00,0.00,,,,0,0,0,0.0,0.0,,0.0,0.0
368,Andrew Omobamidele,ie IRL,DF,Norwich City,19,2002,4.2,1,2,1,50.0,0.47,0.24,0.50,1.00,6.5,0,0,0,0.3,0.3,0.17,+0.7,+0.7
369,Tyler Onyango,eng ENG,"MF,FW",Everton,18,2003,0.3,0,1,0,0.0,3.21,0.00,0.00,,11.0,0,0,0,0.0,0.0,0.03,0.0,0.0
370,Frank Onyeka,ng NGA,MF,Brentford,23,1998,11.6,0,16,5,31.3,1.38,0.43,0.00,0.00,17.5,0,0,0,1.1,1.1,0.07,-1.1,-1.1
371,Divock Origi,be BEL,FW,Liverpool,26,1995,1.5,3,10,5,50.0,6.77,3.38,0.30,0.60,13.9,0,0,0,1.6,1.6,0.16,+1.4,+1.4
372,Alex Oxlade-Chamberlain,eng ENG,"MF,FW",Liverpool,27,1993,8.7,2,21,3,14.3,2.41,0.34,0.10,0.67,20.3,0,0,0,1.2,1.2,0.06,+0.8,+0.8
373,Cole Palmer,eng ENG,"FW,MF",Manchester City,19,2002,1.4,0,4,1,25.0,2.93,0.73,0.00,0.00,20.1,0,0,0,0.3,0.3,0.08,-0.3,-0.3
374,Emerson Palmieri,it ITA,DF,Chelsea,26,1994,0.1,0,0,0,,0.00,0.00,,,,0,0,0,0.0,0.0,,0.0,0.0
375,Thomas Partey,gh GHA,MF,Arsenal,28,1993,22.5,2,44,9,20.5,1.95,0.40,0.05,0.22,21.1,2,0,0,2.5,2.5,0.06,-0.5,-0.5
376,João Pedro,br BRA,"FW,MF",Watford,19,2001,18.3,3,47,16,34.0,2.57,0.88,0.06,0.19,15.6,1,0,0,4.2,4.2,0.09,-1.2,-1.2
377,Nicolas Pépé,ci CIV,"FW,MF",Arsenal,26,1995,7.7,1,23,7,30.4,2.97,0.91,0.04,0.14,15.2,3,0,0,2.9,2.9,0.13,-1.9,-1.9
378,Ricardo Pereira,pt POR,DF,Leicester City,27,1993,11.0,1,10,2,20.0,0.91,0.18,0.10,0.50,16.3,0,0,0,0.7,0.7,0.07,+0.3,+0.3
379,Ayoze Pérez,es ESP,"MF,FW",Leicester City,28,1993,4.9,2,11,6,54.5,2.22,1.21,0.18,0.33,15.0,0,0,0,1.5,1.5,0.14,+0.5,+0.5
380,Sonny Perkins,eng ENG,FW,West Ham,17,2004,0.0,0,0,0,,0.00,0.00,,,,0,0,0,0.0,0.0,,0.0,0.0
381,Romain Perraud,fr FRA,DF,Southampton,23,1997,18.0,0,19,3,15.8,1.05,0.17,0.00,0.00,20.3,0,0,0,0.9,0.9,0.05,-0.9,-0.9
382,Kalvin Phillips,eng ENG,MF,Leeds United,25,1995,17.7,0,15,3,20.0,0.85,0.17,0.00,0.00,23.9,1,0,0,0.6,0.6,0.04,-0.6,-0.6
383,Jaden Philogene Bidace,eng ENG,FW,Aston Villa,19,2002,0.1,0,0,0,,0.00,0.00,,,,0,0,0,0.0,0.0,,0.0,0.0
384,Jordan Pickford,eng ENG,GK,Everton,27,1994,35.0,0,0,0,,0.00,0.00,,,,0,0,0,0.0,0.0,,0.0,0.0
385,Erik Pieters,nl NED,DF,Burnley,32,1988,8.1,0,7,0,0.0,0.86,0.00,0.00,,23.8,0,0,0,0.2,0.2,0.03,-0.2,-0.2
386,Ethan Pinnock,jm JAM,DF,Brentford,28,1993,29.9,1,18,8,44.4,0.60,0.27,0.06,0.13,9.0,0,0,0,1.5,1.5,0.08,-0.5,-0.5
387,Daniel Podence,pt POR,"FW,MF",Wolves,25,1995,16.5,2,35,15,42.9,2.12,0.91,0.06,0.13,21.7,1,0,0,1.9,1.9,0.06,+0.1,+0.1
388,Paul Pogba,fr FRA,"MF,FW",Manchester Utd,28,1993,15.0,1,32,8,25.0,2.13,0.53,0.03,0.13,17.3,0,0,0,2.4,2.4,0.08,-1.4,-1.4
389,Nick Pope,eng ENG,GK,Burnley,29,1992,36.0,0,0,0,,0.00,0.00,,,,0,0,0,0.0,0.0,,0.0,0.0
390,Isaac Price,nir NIR,MF,Everton,17,2003,0.2,0,1,0,0.0,6.43,0.00,0.00,,7.8,0,0,0,0.2,0.2,0.16,-0.2,-0.2
391,Teemu Pukki,fi FIN,FW,Norwich City,31,1990,36.1,11,68,24,35.3,1.88,0.66,0.12,0.33,14.9,0,3,3,11.5,9.2,0.14,-0.5,-1.2
392,Christian Pulisic,us USA,"MF,FW",Chelsea,22,1998,14.3,6,28,11,39.3,1.95,0.77,0.21,0.55,12.9,0,0,0,5.1,5.1,0.18,+0.9,+0.9
393,Przemysław Płacheta,pl POL,"FW,MF",Norwich City,23,1998,5.6,0,8,7,87.5,1.43,1.25,0.00,0.00,16.7,0,0,0,0.5,0.5,0.07,-0.5,-0.5
394,Jesuran Rak Sakyi,eng ENG,"FW,MF",Crystal Palace,18,2002,0.9,0,0,0,,0.00,0.00,,,,0,0,0,0.0,0.0,,0.0,0.0
395,Aaron Ramsdale,eng ENG,GK,Arsenal,23,1998,34.0,0,0,0,,0.00,0.00,,,,0,0,0,0.0,0.0,,0.0,0.0
396,Jacob Ramsey,eng ENG,MF,Aston Villa,20,2001,27.4,6,34,11,32.4,1.24,0.40,0.18,0.55,17.8,0,0,0,3.8,3.8,0.11,+2.2,+2.2
397,Marcus Rashford,eng ENG,"FW,MF",Manchester Utd,23,1997,13.7,4,22,12,54.5,1.60,0.87,0.18,0.33,17.5,1,0,0,2.4,2.4,0.11,+1.6,+1.6
398,Milot Rashica,xk KVX,"FW,MF",Norwich City,25,1996,24.8,1,45,16,35.6,1.82,0.65,0.02,0.06,21.4,7,0,0,2.7,2.7,0.06,-1.7,-1.7
399,David Raya,es ESP,GK,Brentford,25,1995,24.0,0,0,0,,0.00,0.00,,,,0,0,0,0.0,0.0,,0.0,0.0
400,Nathan Redmond,eng ENG,"MF,FW",Southampton,27,1994,20.4,1,25,9,36.0,1.23,0.44,0.04,0.11,20.0,1,0,0,1.9,1.9,0.08,-0.9,-0.9
401,Sergio Reguilón,es ESP,DF,Tottenham,24,1996,21.3,2,21,9,42.9,0.99,0.42,0.10,0.22,14.9,0,0,0,3.0,3.0,0.14,-1.0,-1.0
402,Declan Rice,eng ENG,MF,West Ham,22,1999,35.3,1,26,8,30.8,0.74,0.23,0.04,0.13,21.7,1,0,0,1.1,1.1,0.04,-0.1,-0.1
403,Taylor Richards,eng ENG,"MF,FW",Brighton,20,2000,0.3,0,1,0,0.0,3.60,0.00,0.00,,24.0,0,0,0,0.0,0.0,0.04,0.0,0.0
404,Richarlison,br BRA,"FW,MF",Everton,24,1997,28.0,10,70,20,28.6,2.50,0.71,0.10,0.35,15.8,2,3,3,10.2,7.9,0.11,-0.2,-0.9
405,Jaïro Riedewald,nl NED,MF,Crystal Palace,24,1996,1.3,0,0,0,,0.00,0.00,,,,0,0,0,0.0,0.0,,0.0,0.0
406,Matt Ritchie,sct SCO,DF,Newcastle Utd,31,1989,14.9,0,10,3,30.0,0.67,0.20,0.00,0.00,22.0,1,0,0,0.4,0.4,0.04,-0.4,-0.4
407,Connor Roberts,wls WAL,DF,Burnley,25,1995,18.8,1,6,4,66.7,0.32,0.21,0.17,0.25,21.3,0,0,0,0.2,0.2,0.04,+0.8,+0.8
408,Tyler Roberts,wls WAL,"MF,FW",Leeds United,22,1999,11.0,1,30,12,40.0,2.74,1.09,0.03,0.08,18.5,0,0,0,2.4,2.4,0.08,-1.4,-1.4
409,Andrew Robertson,sct SCO,DF,Liverpool,27,1994,28.2,3,18,8,44.4,0.64,0.28,0.17,0.38,17.2,0,0,0,1.9,1.9,0.10,+1.1,+1.1
410,Joe Rodon,wls WAL,DF,Tottenham,23,1997,1.0,0,0,0,,0.00,0.00,,,,0,0,0,0.0,0.0,,0.0,0.0
411,Rodri,es ESP,MF,Manchester City,25,1996,32.0,7,45,14,31.1,1.40,0.44,0.16,0.50,18.2,0,0,0,2.7,2.7,0.06,+4.3,+4.3
412,Rodrigo,es ESP,"MF,FW",Leeds United,30,1991,25.2,6,48,17,35.4,1.91,0.68,0.10,0.29,18.0,0,1,1,4.9,4.1,0.09,+1.1,+0.9
413,Jay Rodriguez,eng ENG,FW,Burnley,32,1989,15.4,2,41,11,26.8,2.67,0.72,0.05,0.18,14.2,0,0,0,4.7,4.7,0.11,-2.7,-2.7
414,Mads Roerslev,dk DEN,DF,Brentford,22,1999,13.8,1,5,2,40.0,0.36,0.15,0.20,0.50,17.5,0,0,0,0.3,0.3,0.06,+0.7,+0.7
415,Cristian Romero,ar ARG,DF,Tottenham,23,1998,20.5,1,6,2,33.3,0.29,0.10,0.17,0.50,13.3,0,0,0,0.7,0.7,0.11,+0.3,+0.3
416,Oriol Romeu,es ESP,MF,Southampton,29,1991,32.1,2,25,4,16.0,0.78,0.12,0.08,0.50,20.9,0,0,0,1.3,1.3,0.05,+0.7,+0.7
417,Cristiano Ronaldo,pt POR,FW,Manchester Utd,36,1985,27.3,18,108,39,36.1,3.96,1.43,0.14,0.38,15.0,8,3,3,16.5,14.2,0.13,+1.5,+0.8
418,Salomón Rondón,ve VEN,FW,Everton,31,1989,8.8,1,21,6,28.6,2.39,0.68,0.05,0.17,11.6,0,0,0,2.2,2.2,0.10,-1.2,-1.2
419,Danny Rose,eng ENG,DF,Watford,31,1990,7.7,0,4,1,25.0,0.52,0.13,0.00,0.00,19.7,0,0,0,0.2,0.2,0.04,-0.2,-0.2
420,Jon Rowe,eng ENG,"FW,MF",Norwich City,18,2003,2.5,0,3,2,66.7,1.21,0.81,0.00,0.00,15.6,0,0,0,0.4,0.4,0.13,-0.4,-0.4
421,John Ruddy,eng ENG,GK,Wolves,34,1986,1.5,0,0,0,,0.00,0.00,,,,0,0,0,0.0,0.0,,0.0,0.0
422,Antonio Rüdiger,de GER,DF,Chelsea,28,1993,33.7,3,48,13,27.1,1.42,0.39,0.06,0.23,19.5,0,0,0,2.8,2.8,0.06,+0.2,+0.2
423,Lukas Rupp,de GER,MF,Norwich City,30,1991,8.5,0,12,2,16.7,1.40,0.23,0.00,0.00,19.4,0,0,0,0.7,0.7,0.06,-0.7,-0.7
424,José Sá,pt POR,GK,Wolves,28,1993,36.5,0,0,0,,0.00,0.00,,,,0,0,0,0.0,0.0,,0.0,0.0
425,Allan Saint-Maximin,fr FRA,"FW,MF",Newcastle Utd,24,1997,31.2,5,64,26,40.6,2.05,0.83,0.08,0.19,19.0,0,0,0,5.1,5.1,0.08,-0.1,-0.1
426,Romain Saïss,ma MAR,DF,Wolves,31,1990,30.1,2,18,6,33.3,0.60,0.20,0.11,0.33,11.8,1,0,0,2.7,2.7,0.15,-0.7,-0.7
427,Bukayo Saka,eng ENG,"FW,MF",Arsenal,19,2001,33.1,11,95,29,30.5,2.87,0.88,0.09,0.31,16.9,0,2,2,9.7,8.2,0.09,+1.3,+0.8
428,Mohamed Salah,eg EGY,FW,Liverpool,29,1992,30.7,23,134,49,36.6,4.37,1.60,0.13,0.37,15.5,1,5,6,21.8,17.0,0.13,+1.2,+1.0
429,Mohammed Salisu,gh GHA,DF,Southampton,22,1999,33.0,0,25,8,32.0,0.76,0.24,0.00,0.00,11.0,0,0,0,1.8,1.8,0.07,-1.8,-1.8
430,Albert Sambi Lokonga,be BEL,MF,Arsenal,21,1999,12.6,0,20,8,40.0,1.59,0.63,0.00,0.00,25.0,0,0,0,0.6,0.6,0.03,-0.6,-0.6
431,Davinson Sánchez,co COL,DF,Tottenham,25,1996,18.1,2,13,3,23.1,0.72,0.17,0.15,0.67,8.1,0,0,0,2.1,2.1,0.16,-0.1,-0.1
432,Robert Sánchez,es ESP,GK,Brighton,23,1997,37.0,0,0,0,,0.00,0.00,,,,0,0,0,0.0,0.0,,0.0,0.0
433,Jadon Sancho,eng ENG,"FW,MF",Manchester Utd,21,2000,21.1,3,26,9,34.6,1.23,0.43,0.12,0.33,14.6,0,0,0,3.3,3.3,0.13,-0.3,-0.3
434,Morgan Sanson,fr FRA,MF,Aston Villa,26,1994,4.0,0,1,0,0.0,0.25,0.00,0.00,,33.8,0,0,0,0.0,0.0,0.01,0.0,0.0
435,Samir Santos,br BRA,DF,Watford,26,1994,18.6,0,8,2,25.0,0.43,0.11,0.00,0.00,11.6,0,0,0,0.3,0.3,0.04,-0.3,-0.3
