,name,team,position,cost,status,minutes,total_points,bonus,points_per_game,selected_by_percent
0,Cédric,ARS,DEF,4.5,Available,1481,48,3,2.3,0.3
1,Leno,ARS,GKP,4.5,Available,360,10,0,2.5,0.6
2,Xhaka,ARS,MID,5.0,Available,2327,60,3,2.2,0.4
3,Elneny,ARS,MID,4.5,Available,801,27,0,1.9,1.7
4,Holding,ARS,DEF,4.5,Available,840,29,2,1.9,0.2
5,Partey,ARS,MID,5.0,Available,2027,71,4,3.0,0.4
6,Ødegaard,ARS,MID,6.5,Available,2782,131,9,3.6,9.3
7,Tierney,ARS,DEF,5.0,Available,1916,106,11,4.8,4.6
8,Pépé,ARS,MID,5.5,Available,681,45,1,2.2,0.3
9,White,ARS,DEF,4.5,Available,2880,107,9,3.3,9.2
10,Nketiah,ARS,FWD,7.0,Available,823,55,6,2.6,1.5
11,Smith Rowe,ARS,MID,6.0,Available,1909,125,9,3.8,5.1
12,Saka,ARS,MID,8.0,Available,2978,179,18,4.7,16.8
13,Tomiyasu,ARS,DEF,4.5,Available,1680,75,5,3.6,18.3
14,Ramsdale,ARS,GKP,5.0,Available,3060,135,14,4.0,9.4
15,Gabriel,ARS,DEF,5.0,Available,3063,146,16,4.2,7.4
16,Tavares,ARS,DEF,4.5,Available,1169,49,2,2.2,0.2
17,Sambi,ARS,MID,4.5,Available,1129,32,0,1.7,0.3
18,Martinelli,ARS,MID,6.0,Available,1855,110,6,3.8,14.0
19,Pablo Marí,ARS,DEF,4.5,Available,180,1,0,0.5,0.1
20,Maitland-Niles,ARS,MID,5.0,Available,263,12,0,1.5,0.1
21,Torreira,ARS,MID,4.5,Available,0,0,0,0.0,0.6
22,Nelson,ARS,MID,5.0,Available,19,1,0,1.0,0.0
23,Turner,ARS,GKP,4.0,Available,0,0,0,0.0,1.1
24,Fábio Vieira,ARS,MID,6.0,Available,0,0,0,0.0,0.8
25,Saliba,ARS,DEF,4.5,Available,0,0,0,0.0,0.6
26,Marquinhos,ARS,MID,5.0,Available,0,0,0,0.0,0.2
27,Jesus,ARS,FWD,8.0,Available,1871,120,16,4.3,55.8
28,Coutinho,AVL,MID,7.0,Available,1327,83,7,4.4,20.7
29,Ings,AVL,FWD,7.0,Available,1891,106,12,3.5,1.7
30,Martínez,AVL,GKP,5.0,Available,3240,129,7,3.6,4.7
31,Chambers,AVL,DEF,4.5,Available,999,42,2,3.2,0.2
32,Digne,AVL,DEF,5.0,Available,2440,83,8,2.9,3.9
33,Traoré,AVL,MID,5.0,Available,212,13,0,1.4,0.2
34,Olsen,AVL,GKP,4.0,Available,90,1,0,1.0,3.3
35,Sanson,AVL,MID,4.5,Available,349,13,0,1.3,0.3
36,McGinn,AVL,MID,5.5,Available,3090,110,12,3.1,1.7
37,Hause,AVL,DEF,4.5,Available,397,20,3,2.9,0.1
38,Mings,AVL,DEF,4.5,Available,3188,118,12,3.3,6.6
39,Watkins,AVL,FWD,7.5,Available,2950,131,17,3.7,4.5
40,Nakamba,AVL,MID,4.5,Available,899,22,0,1.4,0.2
41,Buendía,AVL,MID,6.0,Available,1887,107,8,3.1,0.8
42,Cash,AVL,DEF,5.0,Available,3377,147,11,3.9,20.3
43,Konsa,AVL,DEF,4.5,Injured,2477,78,4,2.7,0.0
44,Bailey,AVL,MID,5.0,Available,750,37,1,2.1,0.9
45,Douglas Luiz,AVL,MID,5.0,Available,2715,89,3,2.6,0.9
46,Ramsey,AVL,MID,5.5,Available,2465,109,9,3.2,4.4
47,Chukwuemeka,AVL,MID,4.5,Available,291,16,0,1.3,1.2
48,Iroegbunam,AVL,MID,4.5,Available,90,4,0,1.3,0.0
49,Diego Carlos,AVL,DEF,5.0,Available,0,0,0,0.0,1.6
50,El Ghazi,AVL,MID,5.0,Available,392,22,1,2.0,0.2
51,Davis,AVL,FWD,5.5,Available,11,1,0,1.0,0.2
52,Kamara,AVL,MID,5.0,Available,0,0,0,0.0,0.2
53,Archer,AVL,FWD,4.5,Available,24,3,0,1.0,3.1
54,Philogene-Bidace,AVL,MID,4.5,Available,4,1,0,1.0,0.0
55,Guilbert,AVL,DEF,4.0,Available,0,0,0,0.0,0.8
56,Smith,BOU,DEF,4.5,Available,0,0,0,0.0,0.2
57,Stanislas,BOU,MID,5.0,Available,0,0,0,0.0,0.2
58,Fredericks,BOU,DEF,4.5,Available,303,7,0,1.0,0.3
59,Brooks,BOU,MID,5.5,Available,0,0,0,0.0,0.3
60,Lowe,BOU,MID,5.5,Available,0,0,0,0.0,0.1
61,Moore,BOU,FWD,5.5,Available,0,0,0,0.0,0.3
62,Marcondes,BOU,MID,5.0,Available,0,0,0,0.0,0.0
63,Lerma,BOU,MID,5.0,Available,0,0,0,0.0,0.1
64,Stacey,BOU,DEF,4.5,Available,0,0,0,0.0,0.1
65,Solanke,BOU,FWD,6.0,Available,0,0,0,0.0,2.2
66,Cook,BOU,MID,5.0,Available,0,0,0,0.0,0.1
67,Pearson,BOU,MID,4.5,Available,0,0,0,0.0,0.2
68,Christie,BOU,MID,5.5,Available,0,0,0,0.0,0.1
69,Billing,BOU,MID,5.5,Available,0,0,0,0.0,0.4
70,Mepham,BOU,DEF,4.5,Available,0,0,0,0.0,0.1
71,Travers,BOU,GKP,4.5,Available,0,0,0,0.0,0.5
72,Kelly,BOU,DEF,4.5,Available,0,0,0,0.0,0.1
73,Dembélé,BOU,MID,5.0,Available,0,0,0,0.0,0.1
74,Anthony,BOU,MID,5.5,Available,0,0,0,0.0,0.2
75,Zemura,BOU,DEF,4.5,Available,0,0,0,0.0,0.2
76,Dennis,BOU,GKP,4.0,Available,0,0,0,0.0,1.1
77,Rothwell,BOU,MID,5.0,Available,0,0,0,0.0,0.0
78,Jansson,BRE,DEF,4.5,Available,3321,122,13,3.3,3.1
79,Nørgaard,BRE,MID,5.5,Available,3054,101,5,2.9,0.4
80,Toney,BRE,FWD,7.0,Available,2908,139,19,4.2,5.9
81,Raya,BRE,GKP,4.5,Available,2160,95,5,4.0,14.4
82,Canós,BRE,DEF,5.0,Suspended,2077,81,5,2.6,0.0
83,Dasilva,BRE,MID,4.5,Available,250,7,0,0.8,0.7
84,Ajer,BRE,DEF,4.5,Injured,1995,81,5,3.4,0.2
85,Henry,BRE,DEF,4.5,Available,2775,108,4,3.2,0.8
86,Janelt,BRE,MID,5.5,Available,2295,90,8,2.9,0.1
87,Ghoddos,BRE,MID,5.0,Available,524,30,0,1.8,0.0
88,Jensen,BRE,MID,5.0,Available,1590,54,2,1.7,0.1
89,Wissa,BRE,MID,5.5,Available,1268,92,6,3.1,0.4
90,Roerslev,BRE,DEF,4.5,Available,1232,41,4,2.0,0.1
91,Bech,BRE,DEF,4.5,Available,833,22,1,2.0,0.1
92,Pinnock,BRE,DEF,4.5,Available,2694,90,7,2.8,0.4
93,Onyeka,BRE,MID,5.0,Available,1040,35,0,1.8,0.1
94,Baptiste,BRE,MID,4.5,Available,898,35,2,1.6,0.3
95,Mbeumo,BRE,FWD,6.0,Available,2905,119,6,3.4,3.0
96,Goode,BRE,DEF,4.0,Available,448,10,0,1.7,0.6
97,Forss,BRE,FWD,4.5,Available,203,11,0,1.6,1.7
98,Thompson,BRE,DEF,4.0,Available,146,3,0,1.5,0.4
99,Bidstrup,BRE,MID,4.5,Available,36,4,0,1.0,0.0
100,Balcombe,BRE,GKP,4.0,Available,0,0,0,0.0,2.9
101,Hickey,BRE,DEF,5.0,Available,0,0,0,0.0,0.2
102,Lewis-Potter,BRE,MID,5.5,Available,0,0,0,0.0,0.0
103,Lallana,BHA,MID,5.0,Available,1559,44,0,1.8,0.1
104,Steele,BHA,GKP,4.0,Available,90,2,0,2.0,2.2
105,Welbeck,BHA,FWD,6.5,Available,1469,89,13,3.6,0.4
106,Gross,BHA,MID,5.5,Available,2033,88,7,3.0,0.2
107,Duffy,BHA,DEF,4.5,Available,1434,48,3,2.7,0.3
108,Dunk,BHA,DEF,4.5,Available,2573,92,7,3.2,1.7
109,March,BHA,MID,5.0,Available,1733,61,0,2.0,0.1
110,Webster,BHA,DEF,4.5,Available,1429,59,6,2.7,0.1
111,Veltman,BHA,DEF,4.5,Available,2874,95,5,2.8,0.4
112,Maupay,BHA,FWD,6.5,Available,2269,98,11,3.1,1.1
113,Trossard,BHA,MID,6.5,Available,2803,141,16,4.1,2.2
114,Cucurella,BHA,DEF,5.0,Available,3089,126,21,3.6,9.2
115,Sánchez,BHA,GKP,4.5,Available,3330,126,8,3.4,14.0
116,Lamptey,BHA,DEF,4.5,Available,1547,74,7,2.5,3.3
117,Alzate,BHA,MID,4.5,Available,401,13,0,1.4,0.2
118,Mac Allister,BHA,MID,5.5,Available,2112,93,8,2.8,0.3
119,Moder,BHA,MID,4.5,Injured,1694,58,0,2.1,0.1
120,Mwepu,BHA,MID,5.5,Available,990,58,5,3.2,0.2
121,Sarmiento,BHA,MID,4.5,Available,44,5,0,1.0,0.1
122,Caicedo,BHA,MID,5.0,Available,660,27,1,3.4,0.1
123,Richards,BHA,MID,4.5,Available,23,2,0,1.0,0.1
124,Roberts,BHA,DEF,4.0,NotAvail,0,0,0,0.0,0.2
125,Undav,BHA,FWD,5.5,Available,0,0,0,0.0,4.7
126,Mitoma,BHA,MID,5.0,Available,0,0,0,0.0,0.0
127,Enciso,BHA,FWD,5.0,Available,0,0,0,0.0,0.5
128,Kozłowski,BHA,MID,4.5,Available,0,0,0,0.0,0.1
129,Azpilicueta,CHE,DEF,5.0,Available,2067,87,2,3.2,0.9
130,Thiago Silva,CHE,DEF,5.5,Available,2649,130,14,4.1,7.0
131,Alonso,CHE,DEF,5.5,Available,2164,128,14,4.6,5.0
132,Jorginho,CHE,MID,6.0,Available,2271,106,11,3.7,1.1
133,Barkley,CHE,MID,5.0,Available,174,14,1,2.3,0.1
134,Kovacic,CHE,MID,5.0,Available,1552,76,7,3.0,1.4
135,Arrizabalaga,CHE,GKP,4.5,Available,360,19,1,4.8,0.3
136,Kanté,CHE,MID,5.0,Available,1769,79,2,3.0,2.4
137,Ziyech,CHE,MID,6.0,Available,1311,79,9,3.4,0.5
138,Loftus-Cheek,CHE,MID,5.0,Available,1384,52,1,2.2,0.1
139,Werner,CHE,FWD,8.0,Available,1278,62,5,3.0,1.2
140,Kenedy,CHE,DEF,4.0,Available,58,4,0,4.0,0.4
141,Chilwell,CHE,DEF,6.0,Available,541,55,5,7.9,11.5
142,Pulisic,CHE,MID,6.0,Available,1282,77,2,3.5,0.9
143,Chalobah,CHE,DEF,5.0,Available,1447,99,11,5.0,1.0
144,Mount,CHE,MID,8.0,Available,2358,169,16,5.3,9.1
145,Sarr,CHE,DEF,5.0,Available,544,30,4,3.8,0.2
146,Hudson-Odoi,CHE,MID,5.5,Available,958,49,1,3.3,0.2
147,Havertz,CHE,FWD,8.0,Available,1802,112,5,3.9,5.0
148,James,CHE,DEF,6.0,Available,1863,141,26,5.4,43.1
149,Mendy,CHE,GKP,5.0,Available,3060,130,3,3.8,25.1
150,Gallagher,CHE,MID,6.0,Available,2843,140,16,4.1,3.2
151,Gilmour,CHE,MID,4.5,Available,1852,49,1,2.0,0.4
152,Broja,CHE,FWD,5.5,Available,1969,92,11,2.9,1.8
153,Ampadu,CHE,DEF,4.5,Available,0,0,0,0.0,0.1
154,Guaita,CRY,GKP,4.5,Available,2655,119,11,4.0,1.9
155,Tomkins,CRY,DEF,4.0,Available,545,17,2,2.1,2.3
156,McArthur,CRY,MID,5.0,Available,1434,54,5,2.6,0.1
157,Benteke,CRY,FWD,5.5,Available,1132,58,6,2.3,0.6
158,Ward,CRY,DEF,4.5,Available,2486,73,2,2.6,0.1
159,Clyne,CRY,DEF,4.5,Available,1351,59,4,3.7,0.1
160,Milivojevic,CRY,MID,4.5,Available,767,19,0,1.3,0.6
161,Ayew,CRY,MID,5.5,Available,2012,77,3,2.5,0.2
162,Zaha,CRY,MID,7.0,Available,2759,150,11,4.5,7.0
163,Schlupp,CRY,MID,5.0,Available,1840,86,2,2.7,0.2
164,Butland,CRY,GKP,4.5,Available,765,30,3,3.3,0.3
165,Hughes,CRY,MID,5.0,Available,1050,34,2,2.1,0.0
166,Riedewald,CRY,MID,4.5,Available,116,4,0,1.3,0.1
167,Andersen,CRY,DEF,4.5,Available,2914,124,14,3.6,2.5
168,Edouard,CRY,FWD,5.5,Available,1554,87,9,3.1,4.0
169,Guéhi,CRY,DEF,4.5,Available,3222,123,8,3.4,2.9
170,Mateta,CRY,FWD,5.5,Available,1138,61,6,2.8,1.3
171,Eze,CRY,MID,5.5,Available,599,31,2,2.4,0.9
172,Mitchell,CRY,DEF,4.5,Available,3101,109,6,3.0,1.3
173,Olise,CRY,MID,5.5,Available,1127,73,8,2.8,1.0
174,Rak-Sakyi,CRY,MID,4.5,Available,79,4,0,2.0,0.1
175,Ebiowei,CRY,MID,4.5,Available,0,0,0,0.0,0.2
176,Ferguson,CRY,DEF,4.0,Available,8,1,0,1.0,0.4
177,Johnstone,CRY,GKP,4.5,Available,0,0,0,0.0,0.5
178,Matthews,CRY,GKP,4.0,Available,0,0,0,0.0,0.3
179,Plange,CRY,FWD,4.5,Available,0,0,0,0.0,0.8
180,C.Doucouré,CRY,MID,5.0,Available,0,0,0,0.0,0.0
181,Begović,EVE,GKP,4.0,Available,270,13,3,4.3,2.0
182,Rondón,EVE,FWD,5.0,Suspended,779,30,2,1.5,0.2
183,Coleman,EVE,DEF,4.5,Available,2656,79,6,2.6,0.3
184,Townsend,EVE,MID,5.5,Injured,1452,66,8,3.1,0.0
185,Keane,EVE,DEF,4.5,Available,2791,102,11,3.2,0.7
186,Dele,EVE,MID,5.5,Available,985,35,1,1.7,0.4
187,Pickford,EVE,GKP,4.5,Available,3150,116,12,3.3,6.1
188,Allan,EVE,MID,5.0,Available,2181,58,2,2.1,0.1
189,André Gomes,EVE,MID,4.5,Available,614,18,0,1.3,0.5
190,A.Doucouré,EVE,MID,5.5,Available,2536,90,8,3.0,0.2
191,Iwobi,EVE,MID,5.5,Available,2029,78,6,2.8,0.1
192,Gbamin,EVE,MID,4.5,Available,65,3,0,1.0,0.0
193,Mina,EVE,DEF,4.5,Available,844,24,0,1.8,0.2
194,Gray,EVE,MID,5.5,Available,2336,106,3,3.1,1.5
195,Davies,EVE,MID,5.0,Available,230,12,0,2.0,0.1
196,Calvert-Lewin,EVE,FWD,8.0,Available,1281,64,10,3.8,2.0
197,Holgate,EVE,DEF,4.5,Available,2133,62,2,2.5,0.1
198,Godfrey,EVE,DEF,4.5,Available,2029,45,1,2.0,0.2
199,Mykolenko,EVE,DEF,4.5,Available,1054,42,3,3.2,0.4
200,Gordon,EVE,MID,5.5,Available,2277,100,9,2.9,3.5
201,Branthwaite,EVE,DEF,4.0,Available,387,7,1,1.2,0.7
202,Patterson,EVE,DEF,4.0,Available,0,0,0,0.0,1.4
203,Nkounkou,EVE,DEF,4.0,Available,0,0,0,0.0,0.4
204,Tarkowski,EVE,DEF,4.5,Available,3106,83,5,2.4,1.2
205,Cairney,FUL,MID,5.0,Available,0,0,0,0.0,0.1
206,Ream,FUL,DEF,4.5,Available,0,0,0,0.0,0.1
207,Knockaert,FUL,MID,5.0,Available,0,0,0,0.0,0.1
208,Chalobah,FUL,MID,4.5,Available,0,0,0,0.0,0.7
209,Kebano,FUL,MID,5.5,Available,0,0,0,0.0,0.1
210,De Cordova-Reid,FUL,MID,5.5,Available,0,0,0,0.0,0.1
211,Bryan,FUL,DEF,4.5,Available,0,0,0,0.0,0.2
212,Gazzaniga,FUL,GKP,4.0,Available,0,0,0,0.0,9.8
213,Kongolo,FUL,DEF,4.0,Available,0,0,0,0.0,0.8
214,Tosin,FUL,DEF,4.5,Available,0,0,0,0.0,0.1
215,Mitrović,FUL,FWD,6.5,Available,0,0,0,0.0,10.0
216,Reed,FUL,MID,4.5,Available,0,0,0,0.0,0.5
217,Wilson,FUL,MID,6.0,Available,0,0,0,0.0,1.2
218,Rodák,FUL,GKP,4.5,Available,0,0,0,0.0,0.3
219,Cavaleiro,FUL,MID,5.0,Available,0,0,0,0.0,0.2
220,Tete,FUL,DEF,4.5,Available,0,0,0,0.0,0.1
221,Onomah,FUL,MID,4.5,Available,0,0,0,0.0,0.1
222,Robinson,FUL,DEF,4.5,Available,0,0,0,0.0,0.2
223,Muniz,FUL,FWD,5.5,Available,0,0,0,0.0,0.1
224,Stansfield,FUL,FWD,4.5,Available,0,0,0,0.0,1.5
225,Palhinha,FUL,MID,5.0,Available,0,0,0,0.0,0.3
226,Andreas,FUL,MID,4.5,Available,0,0,0,0.0,18.1
227,Schmeichel,LEI,GKP,5.0,Available,3330,131,12,3.5,1.9
228,Evans,LEI,DEF,4.5,Available,1346,39,0,2.2,0.2
229,Bertrand,LEI,DEF,4.0,Injured,337,4,0,1.0,0.0
230,Albrighton,LEI,MID,5.0,Available,1127,40,2,2.4,0.1
231,Mendy,LEI,MID,4.5,Available,1032,24,0,1.7,0.5
232,Vestergaard,LEI,DEF,4.0,Available,563,11,0,1.1,12.7
233,Ward,LEI,GKP,4.0,Available,90,3,0,3.0,2.1
234,Vardy,LEI,FWD,9.5,Available,1801,133,24,5.3,4.1
235,Ricardo,LEI,DEF,4.5,Available,990,35,3,2.5,0.7
236,Amartey,LEI,DEF,4.5,Available,2118,55,4,2.0,0.3
237,Castagne,LEI,DEF,4.5,Available,2124,75,6,2.8,1.4
238,Tielemans,LEI,MID,6.5,Available,2629,120,14,3.8,2.0
239,Pérez,LEI,MID,5.0,Available,438,35,2,2.5,0.1
240,Maddison,LEI,MID,8.0,Available,2454,181,24,5.2,6.3
241,Iheanacho,LEI,FWD,6.5,Available,1253,80,10,3.1,0.8
242,Choudhury,LEI,MID,4.5,Available,284,8,0,1.3,0.2
243,Barnes,LEI,MID,7.0,Available,2095,137,10,4.3,4.8
244,Ndidi,LEI,MID,5.0,Available,1617,41,0,2.2,0.2
245,Dewsbury-Hall,LEI,MID,5.0,Available,2101,70,4,2.5,1.2
246,Söyüncü,LEI,DEF,4.5,Available,2497,66,6,2.4,0.5
247,Justin,LEI,DEF,4.5,Available,996,29,1,2.2,3.7
248,Soumaré,LEI,MID,4.5,Available,1095,36,1,1.9,0.6
249,Thomas,LEI,DEF,4.5,Available,1911,50,1,2.3,0.1
250,Daka,LEI,FWD,6.0,Available,1152,70,8,3.0,1.4
251,Fofana,LEI,DEF,4.5,Available,630,17,2,2.4,1.1
252,Brunt,LEI,DEF,4.0,Available,23,1,0,1.0,0.3
253,Cooper,LEE,DEF,4.5,Available,1814,60,5,2.9,0.2
254,Ayling,LEE,DEF,4.5,Doubtful,2272,55,8,2.1,0.0
255,Klich,LEE,MID,5.0,Available,2071,61,4,1.8,0.1
256,Forshaw,LEE,MID,4.5,Available,1526,38,0,1.7,0.3
257,Rodrigo,LEE,MID,6.0,Available,2263,85,11,2.7,0.4
258,Dallas,LEE,DEF,5.0,Injured,2920,80,6,2.4,0.0
259,Bamford,LEE,FWD,7.5,Available,557,28,2,3.1,0.9
260,Llorente,LEE,DEF,4.5,Available,2341,77,6,2.8,0.2
261,Roberts,LEE,MID,5.0,NotAvail,976,34,1,1.5,0.0
262,Koch,LEE,DEF,4.5,Available,1572,23,0,1.1,0.1
263,James,LEE,MID,6.0,Suspended,2489,91,2,2.7,0.0
264,Raphinha,LEE,MID,7.0,Available,2916,145,14,4.1,6.8
265,Harrison,LEE,MID,6.0,Available,2638,117,12,3.3,1.0
266,Shackleton,LEE,MID,4.5,Available,704,19,0,1.4,0.1
267,Struijk,LEE,DEF,4.5,Available,2050,35,0,1.2,0.1
268,Klaesson,LEE,GKP,4.0,Available,35,2,0,2.0,0.7
269,Greenwood,LEE,FWD,4.5,Available,231,15,0,2.1,28.2
270,Meslier,LEE,GKP,4.5,Available,3384,106,8,2.8,2.7
271,Firpo,LEE,DEF,4.5,Injured,1709,22,4,0.9,0.2
272,Summerville,LEE,MID,4.5,Available,126,6,0,1.0,0.2
273,Bate,LEE,MID,4.5,Available,145,3,0,1.0,0.1
274,Gelhardt,LEE,FWD,5.5,Available,733,43,3,2.1,1.0
275,Hjelde,LEE,DEF,4.0,Available,148,2,0,1.0,0.2
276,Kristensen,LEE,DEF,5.0,Available,0,0,0,0.0,0.5
277,Roca,LEE,MID,5.0,Available,0,0,0,0.0,0.1
278,Aaronson,LEE,MID,5.5,Available,0,0,0,0.0,0.6
279,Gyabi,LEE,MID,4.5,Available,0,0,0,0.0,0.1
280,Adams,LEE,MID,5.0,Available,0,0,0,0.0,0.1
281,Sinisterra,LEE,MID,6.5,Available,0,0,0,0.0,1.1
282,Milner,LIV,MID,4.5,Available,844,38,1,1.6,0.6
283,Henderson,LIV,MID,5.5,Available,2592,110,9,3.1,0.7
284,Matip,LIV,DEF,6.0,Available,2790,170,20,5.5,2.9
285,Thiago,LIV,MID,5.5,Available,1527,69,3,2.8,1.6
286,Chamberlain,LIV,MID,5.0,Available,777,42,2,2.5,0.0
287,Firmino,LIV,FWD,8.0,Available,980,62,5,3.1,1.1
288,Van Dijk,LIV,DEF,6.5,Available,3060,183,13,5.4,10.9
289,Alisson,LIV,GKP,5.5,Available,3240,176,15,4.9,18.7
290,Fabinho,LIV,MID,5.5,Available,2311,97,7,3.3,0.8
291,Salah,LIV,MID,13.0,Available,2758,265,29,7.6,58.9
292,Robertson,LIV,DEF,7.0,Available,2537,186,23,6.4,10.1
293,Alexander-Arnold,LIV,DEF,7.5,Available,2853,208,32,6.5,55.7
294,Gomez,LIV,DEF,4.5,Available,330,22,2,2.8,0.2
295,Keita,LIV,MID,5.0,Available,1169,65,4,2.8,0.1
296,Diogo Jota,LIV,FWD,9.0,Available,2357,175,8,5.0,5.9
297,Kelleher,LIV,GKP,4.0,Available,180,8,0,4.0,0.8
298,Konaté,LIV,DEF,5.0,Available,990,33,0,3.0,2.3
299,Jones,LIV,MID,5.0,Available,849,40,3,2.7,0.0
300,Tsimikas,LIV,DEF,4.5,Available,874,42,2,3.2,0.3
301,Luis Díaz,LIV,MID,8.0,Available,957,64,6,4.9,32.0
302,Elliott,LIV,MID,5.0,Available,344,12,0,2.0,0.2
303,Carvalho,LIV,MID,5.5,Available,0,0,0,0.0,0.4
304,Darwin,LIV,FWD,9.0,Available,0,0,0,0.0,13.2
305,Ramsay,LIV,DEF,4.0,Available,0,0,0,0.0,0.4
306,Adrián,LIV,GKP,4.0,Available,0,0,0,0.0,0.3
307,R.Williams,LIV,DEF,4.0,Available,0,0,0,0.0,0.2
308,Davies,LIV,DEF,4.0,Available,0,0,0,0.0,0.1
309,Van den Berg,LIV,DEF,4.0,Available,0,0,0,0.0,0.2
310,Phillips,LIV,DEF,4.0,Available,0,0,0,0.0,0.3
311,Walker,MCI,DEF,5.0,Available,1755,85,5,4.2,4.7
312,Gündogan,MCI,MID,7.5,Available,1851,124,10,4.6,0.8
313,De Bruyne,MCI,MID,12.0,Available,2196,196,33,6.5,14.4
314,Stones,MCI,DEF,5.5,Available,1117,70,4,5.0,4.0
315,Mahrez,MCI,MID,8.0,Available,1485,135,12,4.8,4.4
316,Sterling,MCI,MID,10.0,Available,2121,163,15,5.4,4.0
317,Grealish,MCI,MID,7.0,Available,1910,86,2,3.3,3.0
318,Cancelo,MCI,DEF,7.0,Available,3227,201,27,5.6,45.9
319,Ederson,MCI,GKP,5.5,Available,3330,155,4,4.2,13.7
320,Aké,MCI,DEF,5.0,Available,919,54,0,3.9,0.5
321,Laporte,MCI,DEF,6.0,Available,2830,160,8,4.8,5.2
322,Steffen,MCI,GKP,4.0,Available,90,7,1,7.0,0.5
323,Bernardo,MCI,MID,7.0,Available,2856,155,15,4.4,7.8
324,Dias,MCI,DEF,6.0,Available,2401,141,12,4.9,9.4
325,Zinchenko,MCI,DEF,5.0,Available,1044,59,4,3.9,0.4
326,Foden,MCI,MID,8.0,Available,2125,137,11,4.9,7.6
327,Rodri,MCI,MID,6.0,Available,2884,127,9,3.8,2.3
328,Palmer,MCI,MID,4.5,Available,121,9,0,2.2,0.2
329,McAtee,MCI,MID,4.5,Available,18,2,0,1.0,0.0
330,Haaland,MCI,FWD,11.5,Available,0,0,0,0.0,64.2
331,Álvarez,MCI,FWD,6.5,Available,0,0,0,0.0,1.3
332,Mbete,MCI,DEF,4.0,Available,0,0,0,0.0,0.1
333,Wilson-Esbrand,MCI,DEF,4.0,Available,0,0,0,0.0,0.5
334,Delap,MCI,FWD,4.5,Available,8,1,0,1.0,0.6
335,Ortega,MCI,GKP,4.0,Available,0,0,0,0.0,0.8
336,Phillips,MCI,MID,5.0,Available,1594,39,1,1.9,0.9
337,Carson,MCI,GKP,4.0,Available,0,0,0,0.0,0.1
338,Ronaldo,MUN,FWD,10.5,Available,2454,159,29,5.3,4.6
339,De Gea,MUN,GKP,5.0,Available,3420,132,7,3.5,5.4
340,Jones,MUN,DEF,4.0,Available,161,4,0,1.0,0.4
341,Varane,MUN,DEF,5.0,Available,1829,75,9,3.4,1.9
342,Maguire,MUN,DEF,5.0,Available,2513,69,4,2.3,0.7
343,Fred,MUN,MID,5.5,Available,2026,93,8,3.3,0.8
344,Shaw,MUN,DEF,5.0,Available,1600,46,3,2.3,0.7
345,Fernandes,MUN,MID,10.0,Available,3110,151,15,4.2,3.8
346,Telles,MUN,DEF,5.0,Available,1658,67,6,3.2,0.2
347,Rashford,MUN,MID,6.5,Available,1224,63,0,2.5,9.2
348,Van de Beek,MUN,MID,5.5,Available,550,31,1,2.1,1.6
349,Lindelöf,MUN,DEF,4.5,Available,2353,66,4,2.4,0.2
350,McTominay,MUN,MID,5.0,Available,2386,68,2,2.3,0.2
351,Bailly,MUN,DEF,4.0,Available,216,2,0,0.5,1.2
352,Sancho,MUN,MID,7.5,Available,1894,91,9,3.1,5.8
353,Wan-Bissaka,MUN,DEF,4.5,Available,1793,41,3,2.0,0.4
354,Dalot,MUN,DEF,4.5,Available,1797,54,5,2.2,0.9
355,B.Williams,MUN,DEF,4.0,Available,2119,36,4,1.4,2.9
356,Elanga,MUN,MID,5.0,Available,1208,59,2,2.8,2.6
357,Martial,MUN,FWD,7.0,Available,207,14,2,1.8,1.0
358,Pellistri,MUN,MID,4.5,Available,0,0,0,0.0,0.2
359,Heaton,MUN,GKP,4.0,Available,0,0,0,0.0,0.6
360,Malacia,MUN,DEF,4.5,Available,0,0,0,0.0,2.9
361,Shelvey,NEW,MID,5.0,Available,1981,63,6,2.6,0.1
362,Ritchie,NEW,DEF,4.5,Available,1333,20,0,1.1,0.1
363,Fernández,NEW,DEF,4.5,Available,521,11,0,1.6,0.1
364,Clark,NEW,DEF,4.5,Available,1012,14,1,1.1,0.1
365,Darlow,NEW,GKP,4.0,Available,720,20,3,2.5,4.5
366,Wood,NEW,FWD,6.0,Available,2694,91,8,2.7,1.9
367,Dubravka,NEW,GKP,4.5,Available,2340,96,9,3.7,1.7
368,Wilson,NEW,FWD,7.5,Available,1386,75,14,4.2,4.1
369,Trippier,NEW,DEF,5.0,Available,429,28,3,4.7,15.9
370,Burn,NEW,DEF,4.5,Available,2461,92,6,3.2,1.6
371,Fraser,NEW,MID,5.5,Available,1459,78,8,2.9,0.3
372,Lascelles,NEW,DEF,4.5,Available,2055,47,2,1.8,0.2
373,Gayle,NEW,FWD,4.5,Available,34,7,0,0.9,3.1
374,Dummett,NEW,DEF,4.0,Available,197,7,0,2.3,0.5
375,Manquillo,NEW,DEF,4.5,Available,1258,38,0,2.0,0.1
376,Krafth,NEW,DEF,4.5,Available,1636,58,3,2.9,0.1
377,Murphy,NEW,MID,4.5,Available,1457,62,0,1.9,9.7
378,Schär,NEW,DEF,4.5,Available,2158,88,10,3.5,0.9
379,Targett,NEW,DEF,5.0,Available,2871,101,7,3.1,1.5
380,Saint-Maximin,NEW,MID,6.5,Available,2804,116,15,3.3,8.5
381,Almirón,NEW,MID,5.0,Available,1706,59,0,2.0,0.4
382,S.Longstaff,NEW,MID,4.5,Available,1458,48,1,2.0,1.2
383,Joelinton,NEW,MID,6.0,Available,2554,83,7,2.4,0.7
384,Lewis,NEW,DEF,4.5,Available,261,10,0,2.0,0.1
385,Willock,NEW,MID,5.0,Available,2037,79,3,2.7,0.9
386,Bruno Guimarães,NEW,MID,6.0,Available,1031,67,11,3.9,21.3
387,Hendrick,NEW,MID,4.5,Available,69,8,0,2.7,0.1
388,Pope,NEW,GKP,5.0,Available,3240,130,12,3.6,5.7
389,Botman,NEW,DEF,4.5,Available,0,0,0,0.0,4.3
390,N.Williams,NFO,DEF,4.0,Available,7,4,0,4.0,12.3
391,Arter,NFO,MID,4.5,Available,0,0,0,0.0,0.4
392,Cook,NFO,DEF,4.5,Available,0,0,0,0.0,0.3
393,Taylor,NFO,FWD,4.5,Available,0,0,0,0.0,11.4
394,Colback,NFO,MID,4.5,Available,0,0,0,0.0,5.3
395,Samba,NFO,GKP,4.5,NotAvail,0,0,0,0.0,0.1
396,Cafú,NFO,MID,4.5,Available,0,0,0,0.0,0.7
397,Lolley,NFO,MID,5.0,Available,0,0,0,0.0,0.1
398,McKenna,NFO,DEF,4.5,Available,0,0,0,0.0,0.3
399,Dräger,NFO,DEF,4.0,Available,0,0,0,0.0,1.3
400,Yates,NFO,MID,5.0,Doubtful,0,0,0,0.0,0.4
401,Worrall,NFO,DEF,4.5,Available,0,0,0,0.0,0.2
402,Panzo,NFO,DEF,4.0,Available,0,0,0,0.0,0.6
403,Xande Silva,NFO,MID,5.0,Available,0,0,0,0.0,0.1
404,Surridge,NFO,FWD,5.0,Available,0,0,0,0.0,1.9
405,Laryea,NFO,DEF,4.5,Available,0,0,0,0.0,0.1
406,Mbe Soh,NFO,DEF,4.5,Available,0,0,0,0.0,0.1
407,Johnson,NFO,FWD,6.0,Available,0,0,0,0.0,4.3
408,Mighten,NFO,MID,5.0,Available,0,0,0,0.0,0.1
409,Ojeda,NFO,MID,4.5,Available,0,0,0,0.0,0.2
410,Awoniyi,NFO,FWD,6.0,Available,0,0,0,0.0,2.0
411,Henderson,NFO,GKP,4.5,Available,0,0,0,0.0,7.5
412,Biancone,NFO,DEF,4.5,Available,0,0,0,0.0,0.2
413,Niakhaté,NFO,DEF,4.5,Available,0,0,0,0.0,0.3
414,Richards,NFO,DEF,4.5,Available,0,0,0,0.0,0.1
415,Lavia,SOU,MID,4.5,Available,0,0,0,0.0,0.4
416,Walcott,SOU,MID,5.0,Available,376,12,0,1.3,0.1
417,McCarthy,SOU,GKP,4.5,Available,1530,55,3,3.2,0.4
418,Romeu,SOU,MID,5.0,Available,2890,88,6,2.4,0.1
419,Redmond,SOU,MID,5.5,Available,1827,79,6,2.9,0.1
420,Stephens,SOU,DEF,4.5,Available,810,12,0,1.1,0.1
421,S.Armstrong,SOU,MID,5.0,Available,1465,57,3,2.3,0.2
422,Elyounoussi,SOU,MID,5.5,Available,2039,90,6,3.0,0.1
423,Ward-Prowse,SOU,MID,6.5,Available,3215,159,21,4.4,10.3
424,A.Armstrong,SOU,FWD,5.5,Available,1409,57,3,2.5,0.8
425,Walker-Peters,SOU,DEF,4.5,Available,2630,82,7,2.6,1.3
426,Bednarek,SOU,DEF,4.5,Available,2629,94,15,3.0,0.5
427,Adams,SOU,FWD,6.5,Available,2034,103,11,3.4,0.8
428,Tella,SOU,MID,5.0,Available,802,29,0,2.1,0.0
429,Lyanco,SOU,DEF,4.5,Available,906,19,1,1.3,0.1
430,Valery,SOU,DEF,4.0,Available,369,9,0,1.8,1.1
431,Smallbone,SOU,MID,4.5,Available,132,5,0,1.2,0.2
432,Diallo,SOU,MID,4.5,Available,1016,44,3,1.9,1.3
433,Perraud,SOU,DEF,4.5,Available,1621,38,1,1.9,0.1
434,Djenepo,SOU,MID,5.0,Available,452,13,0,1.1,0.0
435,Livramento,SOU,DEF,4.5,Injured,2200,80,7,2.9,0.1
436,Salisu,SOU,DEF,4.5,Available,2971,58,4,1.7,0.2
437,Lis,SOU,GKP,4.0,Available,0,0,0,0.0,0.6
438,Bazunu,SOU,GKP,4.5,Available,0,0,0,0.0,1.4
439,Bella-Kotchap,SOU,DEF,4.5,Available,0,0,0,0.0,0.1
440,Caballero,SOU,GKP,4.0,Available,180,2,0,1.0,2.4
441,Aribo,SOU,MID,5.5,Available,0,0,0,0.0,0.2
442,Lloris,TOT,GKP,5.5,Available,3420,158,11,4.2,4.6
443,Forster,TOT,GKP,4.0,Available,1710,57,6,3.0,11.0
444,Kane,TOT,FWD,11.5,Available,3231,192,23,5.2,16.4
445,Son,TOT,MID,12.0,Available,3009,258,27,7.4,26.0
446,Doherty,TOT,DEF,5.0,Available,871,67,8,4.5,2.0
447,Dier,TOT,DEF,5.0,Available,3071,132,7,3.8,2.4
448,Lucas Moura,TOT,MID,6.0,Available,1763,87,4,2.6,0.3
449,Davies,TOT,DEF,5.0,Available,2537,105,3,3.6,0.6
450,Højbjerg,TOT,MID,5.5,Available,3196,109,6,3.0,0.8
451,Winks,TOT,MID,4.5,Available,904,33,1,1.7,2.4
452,Sánchez,TOT,DEF,4.5,Available,1626,93,8,4.0,0.6
453,R.Sessegnon,TOT,DEF,4.5,Available,1046,56,3,3.7,0.5
454,Bergwijn,TOT,MID,5.5,NotAvail,548,55,3,2.2,0.1
455,Reguilón,TOT,DEF,4.5,Available,1914,104,9,4.2,3.2
456,Tanganga,TOT,DEF,4.0,Available,735,29,0,2.6,5.0
457,Bentancur,TOT,MID,5.5,Available,1360,52,4,3.1,0.5
458,Skipp,TOT,MID,4.5,Available,1346,34,0,1.9,0.5
459,Rodon,TOT,DEF,4.0,Available,87,3,0,1.0,0.5
460,Romero,TOT,DEF,5.0,Available,1844,63,10,2.9,2.8
461,Bissouma,TOT,MID,5.0,Available,2110,66,9,2.5,1.9
462,Emerson Royal,TOT,DEF,5.0,Available,2282,102,8,3.3,0.7
463,Kulusevski,TOT,MID,8.0,Available,1259,99,8,5.5,10.9
464,Scarlett,TOT,FWD,4.5,Available,3,1,0,1.0,0.8
465,Perišić,TOT,DEF,5.5,Available,0,0,0,0.0,44.6
466,White,TOT,MID,4.5,Available,0,0,0,0.0,0.3
467,Sarr,TOT,MID,4.5,Available,0,0,0,0.0,0.4
468,Austin,TOT,GKP,4.0,Available,0,0,0,0.0,0.3
469,Devine,TOT,MID,4.5,Available,0,0,0,0.0,0.1
470,Parrott,TOT,FWD,4.5,Available,0,0,0,0.0,1.2
471,Richarlison,TOT,FWD,8.5,Suspended,2522,125,19,4.2,0.5
472,Lenglet,TOT,DEF,5.0,Available,0,0,0,0.0,0.2
473,Fabianski,WHU,GKP,5.0,Available,3330,136,9,3.7,1.1
474,Ogbonna,WHU,DEF,4.5,Available,921,40,6,3.6,0.1
475,Cresswell,WHU,DEF,5.0,Available,2726,115,17,3.7,3.6
476,Antonio,WHU,FWD,7.5,Available,2975,140,14,3.9,4.2
477,Dawson,WHU,DEF,5.0,Available,2752,90,1,2.6,0.5
478,Lanzini,WHU,MID,5.5,Available,1777,92,8,3.1,0.4
479,Zouma,WHU,DEF,4.5,Available,2078,66,5,2.8,1.2
480,Masuaku,WHU,DEF,4.5,Available,645,29,3,2.2,0.1
481,Coufal,WHU,DEF,4.5,Available,2207,70,3,2.5,2.2
482,Benrahma,WHU,MID,6.0,Available,2162,138,15,4.3,3.0
483,Bowen,WHU,MID,8.5,Available,2987,206,24,5.7,9.9
484,Vlasic,WHU,MID,5.0,Available,549,30,0,1.6,0.1
485,Rice,WHU,MID,5.0,Available,3178,95,7,2.6,6.3
486,Soucek,WHU,MID,5.5,Available,3061,114,14,3.3,1.9
487,Fornals,WHU,MID,5.5,Available,2795,117,5,3.2,2.2
488,Diop,WHU,DEF,4.5,Available,961,30,2,2.3,0.2
489,Johnson,WHU,DEF,4.5,Available,1397,48,1,2.4,0.1
490,Aguerd,WHU,DEF,5.0,Available,0,0,0,0.0,0.5
491,Areola,WHU,GKP,4.5,Available,90,2,0,2.0,1.6
492,Downes,WHU,MID,4.5,Available,0,0,0,0.0,0.3
493,Boly,WOL,DEF,4.5,Available,900,17,0,1.7,0.3
494,Coady,WOL,DEF,5.0,Available,3361,138,10,3.6,4.8
495,Jiménez,WOL,FWD,7.0,Available,2630,101,11,3.0,2.3
496,Jonny,WOL,DEF,4.5,Available,1022,38,2,2.9,1.4
497,Sá,WOL,GKP,5.0,Available,3285,146,11,3.9,5.0
498,Dendoncker,WOL,MID,5.0,Available,1945,76,5,2.5,0.2
499,Neves,WOL,MID,5.5,Available,2659,95,7,2.9,1.4
500,Hwang,WOL,MID,6.0,Available,1811,81,11,2.7,0.5
501,Semedo,WOL,DEF,5.0,Doubtful,2131,94,9,3.8,0.0
502,Podence,WOL,MID,5.5,Available,1475,70,2,2.7,0.4
503,Kilman,WOL,DEF,4.5,Doubtful,2688,106,5,3.5,0.1
504,Cundle,WOL,MID,4.5,Available,179,7,0,1.8,0.5
505,Neto,WOL,MID,5.5,Available,459,22,0,1.7,22.3
506,Aït-Nouri,WOL,DEF,4.5,Available,1826,87,10,3.8,3.1
507,Fabio Silva,WOL,FWD,5.5,Available,562,30,0,1.4,0.6
508,Toti,WOL,DEF,4.0,Available,360,6,0,1.5,0.9
509,Chiquinho,WOL,MID,5.0,Injured,203,20,2,2.5,0.0
510,Adama,WOL,MID,5.5,Available,1069,44,0,2.2,0.6
511,Šarkić,WOL,GKP,4.0,Available,0,0,0,0.0,3.1
512,Gibbs-White,WOL,MID,5.5,Available,7,1,0,0.5,0.3
513,Mosquera,WOL,DEF,4.0,Available,0,0,0,0.0,1.1
514,Moutinho,WOL,MID,5.0,Available,2970,96,8,2.7,2.0
515,Collins,WOL,DEF,4.5,Available,1670,55,1,2.9,0.0
