,Player,Nation,Pos,Squad,Age,Born,90s,Tackles Tkl,Tackles TklW,Tackles Def 3rd,Tackles Mid 3rd,Tackles Att 3rd,Vs Dribbles Tkl,Vs Dribbles Att,Vs Dribbles Tkl%,Vs Dribbles Past,Pressures Press,Pressures Succ,Pressures %,Pressures Def 3rd,Pressures Mid 3rd,Pressures Att 3rd,Blocks,Sh,ShSv,Pass,Int,Tkl+Int,Clr,Er
0,Max Aarons,ENG,DF,Norwich City,21-302,2000,10.0,14,9,9,5,0,8,19,42.1,11,119,31,26.1,68,38,13,25,6,0,19,10,24,22,0
1,Che Adams,SCO,"FW,MF",Southampton,25-112,1996,5.4,7,5,2,1,4,1,3,33.3,2,86,23,26.7,10,30,46,8,3,0,5,1,8,5,0
2,Rayan Aït Nouri,FRA,"DF,FW",Wolves,20-149,2001,2.0,5,5,3,1,1,2,3,66.7,1,22,9,40.9,9,8,5,2,0,0,2,2,7,2,0
3,Kristoffer Ajer,NOR,DF,Brentford,23-199,1998,6.3,11,5,8,1,2,7,14,50.0,7,57,18,31.6,29,24,4,9,4,1,5,13,24,35,0
4,Nathan Aké,NED,DF,Manchester City,26-257,1995,3.0,4,2,2,2,0,0,1,0.0,1,14,4,28.6,4,9,1,3,3,0,0,3,7,17,0
5,Marc Albrighton,ENG,"MF,FW",Leicester City,31-349,1989,2.1,4,1,3,0,1,0,3,0.0,3,68,12,17.6,22,36,10,2,0,0,2,1,5,1,0
6,Thiago Alcántara,ESP,MF,Liverpool,30-205,1991,2.0,7,4,4,2,1,1,3,33.3,2,21,10,47.6,11,6,4,1,0,0,1,2,9,3,0
7,Trent Alexander-Arnold,ENG,DF,Liverpool,23-026,1998,7.7,13,9,4,6,3,8,17,47.1,9,69,24,34.8,28,24,17,9,2,0,7,20,33,20,0
8,Allan,BRA,MF,Everton,30-298,1991,9.8,29,25,18,9,2,7,30,23.3,23,235,77,32.8,107,111,17,20,4,0,16,19,48,20,0
9,Dele Alli,ENG,MF,Tottenham,25-205,1996,5.7,18,8,12,5,1,6,15,40.0,9,147,38,25.9,64,58,25,18,5,0,13,11,29,8,0
10,Miguel Almirón,PAR,MF,Newcastle Utd,27-265,1994,6.9,19,12,12,4,3,4,18,22.2,14,144,43,29.9,62,55,27,9,1,1,8,9,28,4,0
11,Marcos Alonso,ESP,DF,Chelsea,30-309,1990,5.9,13,6,7,3,3,5,10,50.0,5,72,19,26.4,31,24,17,12,1,0,11,13,26,15,0
12,Steven Alzate,COL,MF,Brighton,23-055,1998,1.0,2,2,1,0,1,1,1,100.0,0,14,3,21.4,8,4,2,2,0,0,2,1,3,2,0
13,Daniel Amartey,GHA,DF,Leicester City,26-316,1994,5.5,4,2,2,2,0,3,8,37.5,5,36,11,30.6,23,12,1,9,4,0,5,7,11,23,0
14,Joachim Andersen,DEN,DF,Crystal Palace,25-155,1996,9.4,11,7,8,3,0,6,10,60.0,4,45,14,31.1,25,17,3,11,4,0,7,24,35,53,2
15,Michail Antonio,JAM,FW,West Ham,31-219,1990,8.9,14,12,1,6,7,3,4,75.0,1,123,47,38.2,7,50,66,7,0,0,7,5,19,3,0
16,Adam Armstrong,ENG,FW,Southampton,24-265,1997,7.8,4,3,1,0,3,0,2,0.0,2,125,35,28.0,10,48,67,4,1,0,3,1,5,0,0
17,Stuart Armstrong,SCO,MF,Southampton,29-217,1992,0.8,0,0,0,0,0,0,4,0.0,4,19,7,36.8,3,10,6,1,0,0,1,1,1,1,0
18,Pierre-Emerick Aubameyang,GAB,FW,Arsenal,32-137,1989,7.8,10,6,5,3,2,2,4,50.0,2,135,35,25.9,17,49,69,13,2,0,11,0,10,2,0
19,Jordan Ayew,GHA,"FW,MF",Crystal Palace,30-052,1991,7.2,14,9,7,6,1,4,8,50.0,4,167,39,23.4,44,66,57,18,2,0,16,10,24,2,0
20,Luke Ayling,ENG,DF,Leeds United,30-069,1991,5.0,13,5,11,2,0,7,14,50.0,7,71,23,32.4,38,23,10,11,8,0,3,6,19,11,1
21,César Azpilicueta,ESP,DF,Chelsea,32-066,1989,7.0,19,8,10,6,3,6,15,40.0,9,101,25,24.8,45,39,17,20,3,0,17,8,27,21,0
22,Leon Bailey,JAM,"FW,MF",Aston Villa,24-085,1997,2.3,8,4,3,3,2,0,2,0.0,2,24,8,33.3,5,7,12,4,1,0,3,0,8,1,0
23,Patrick Bamford,ENG,FW,Leeds United,28-058,1993,4.8,2,1,1,1,0,1,3,33.3,2,92,31,33.7,4,39,49,6,3,0,3,3,5,8,0
24,Ross Barkley,ENG,MF,Chelsea,27-332,1993,0.6,1,1,0,1,0,0,1,0.0,1,6,3,50.0,0,3,3,1,0,0,1,0,1,0,0
25,Ashley Barnes,ENG,FW,Burnley,32-003,1989,4.2,6,5,1,4,1,1,2,50.0,1,63,11,17.5,6,31,26,3,1,1,2,3,9,1,0
26,Harvey Barnes,ENG,"FW,MF",Leicester City,23-328,1997,6.5,6,3,1,3,2,1,6,16.7,5,57,19,33.3,17,22,18,6,1,0,5,2,8,3,0
27,Jan Bednarek,POL,DF,Southampton,25-204,1996,6.5,12,6,7,4,1,4,11,36.4,7,50,17,34.0,28,20,2,9,5,0,4,22,34,40,0
28,Saïd Benrahma,ALG,"MF,FW",West Ham,26-084,1995,9.2,15,9,6,6,3,9,18,50.0,9,135,34,25.2,27,78,30,3,0,0,3,3,18,3,0
29,Christian Benteke,BEL,FW,Crystal Palace,30-334,1990,6.6,4,1,1,2,1,0,3,0.0,3,64,13,20.3,6,31,27,4,3,0,1,1,5,13,0
30,Jóhann Berg Guðmundsson,ISL,MF,Burnley,31-006,1990,6.2,6,3,2,3,1,3,5,60.0,2,65,20,30.8,16,24,25,11,2,0,9,4,10,5,0
31,Steven Bergwijn,NED,FW,Tottenham,24-025,1997,3.0,2,1,1,1,0,0,2,0.0,2,35,2,5.7,7,17,11,3,0,0,3,2,4,5,0
32,Ryan Bertrand,ENG,DF,Leicester City,32-089,1989,3.7,9,4,1,7,1,4,6,66.7,2,77,25,32.5,40,26,11,11,3,0,8,3,12,7,0
33,Mads Bidstrup,DEN,MF,Brentford,20-250,2001,0.3,4,2,2,2,0,0,2,0.0,2,12,6,50.0,7,5,0,1,0,0,1,1,5,2,0
34,Yves Bissouma,MLI,MF,Brighton,25-064,1996,5.5,17,13,12,3,2,3,3,100.0,0,97,39,40.2,39,45,13,6,0,0,6,12,29,6,0
35,Jarrod Bowen,ENG,FW,West Ham,24-317,1996,9.7,19,12,11,5,3,5,11,45.5,6,154,37,24.0,53,56,45,15,2,0,13,10,29,1,0
36,Armando Broja,ALB,"FW,MF",Southampton,20-053,2001,2.7,4,4,0,2,2,1,3,33.3,2,52,15,28.8,4,11,37,2,0,0,2,2,6,2,0
37,Josh Brownhill,ENG,MF,Burnley,25-318,1995,9.1,14,10,4,8,2,3,8,37.5,5,131,43,32.8,38,64,29,10,3,0,7,14,28,16,0
38,Bryan,ESP,"FW,MF",Tottenham,20-264,2001,0.7,2,1,2,0,0,2,4,50.0,2,27,7,25.9,9,5,13,2,0,0,2,0,2,0,0
39,Emi Buendía,ARG,"MF,FW",Aston Villa,24-312,1996,5.2,12,7,5,5,2,2,13,15.4,11,95,24,25.3,28,44,23,3,0,0,3,4,16,3,0
40,Dan Burn,ENG,DF,Brighton,29-177,1992,3.4,11,8,7,3,1,4,10,40.0,6,54,18,33.3,20,25,9,9,2,0,7,8,19,10,0
41,Dominic Calvert-Lewin,ENG,FW,Everton,24-231,1997,2.8,0,0,0,0,0,0,1,0.0,1,20,3,15.0,2,11,7,1,1,0,0,5,5,2,0
42,João Cancelo,POR,DF,Manchester City,27-159,1994,9.9,22,13,11,9,2,8,21,38.1,13,102,29,28.4,34,38,30,15,1,0,14,30,52,20,0
43,Sergi Canós,ESP,DF,Brentford,24-273,1997,9.0,25,8,14,8,3,10,25,40.0,15,199,48,24.1,95,74,30,18,1,0,17,13,38,15,0
44,Todd Cantwell,ENG,"FW,MF",Norwich City,23-248,1998,3.5,13,10,8,4,1,4,13,30.8,9,75,15,20.0,31,29,15,1,0,0,1,3,16,1,0
45,Matty Cash,POL,DF,Aston Villa,24-087,1997,9.8,20,16,9,10,1,10,19,52.6,9,119,41,34.5,41,61,17,16,3,0,13,18,38,19,0
46,Timothy Castagne,BEL,DF,Leicester City,25-332,1995,6.6,18,7,8,8,2,7,14,50.0,7,129,33,25.6,56,57,16,12,2,0,10,9,27,20,0
47,Craig Cathcart,NIR,DF,Watford,32-269,1989,7.3,5,3,5,0,0,1,6,16.7,5,44,18,40.9,30,11,3,17,8,0,9,11,16,37,1
48,Edinson Cavani,URU,FW,Manchester Utd,34-261,1987,2.4,2,1,0,1,1,1,3,33.3,2,32,12,37.5,7,12,13,3,0,0,3,6,8,1,0
49,Trevoh Chalobah,ENG,DF,Chelsea,22-120,1999,5.0,14,7,6,6,2,8,13,61.5,5,56,18,32.1,27,27,2,7,4,1,3,7,21,19,0
50,Calum Chambers,ENG,DF,Arsenal,26-286,1995,1.9,2,1,2,0,0,1,3,33.3,2,24,5,20.8,18,5,1,11,3,0,8,3,5,7,1
51,Ben Chilwell,ENG,DF,Chelsea,24-316,1996,4.0,9,6,3,5,1,1,4,25.0,3,65,21,32.3,26,24,15,6,0,0,6,6,15,12,1
52,Hamza Choudhury,ENG,MF,Leicester City,24-032,1997,0.7,4,1,0,4,0,2,2,100.0,0,16,2,12.5,0,13,3,1,0,0,1,6,10,2,0
53,Andreas Christensen,DEN,DF,Chelsea,25-206,1996,7.0,8,7,5,1,2,4,6,66.7,2,57,25,43.9,33,21,3,18,5,0,13,27,35,46,0
54,Carney Chukwuemeka,ENG,MF,Aston Villa,17-299,2004,0.7,0,0,0,0,0,0,2,0.0,2,8,1,12.5,1,7,0,0,0,0,0,1,1,0,0
55,Ciaran Clark,IRL,DF,Newcastle Utd,32-037,1989,7.9,14,11,9,4,1,8,14,57.1,6,59,19,32.2,42,13,4,11,8,0,3,12,26,43,0
56,Tom Cleverley,ENG,"MF,FW",Watford,32-082,1989,4.5,9,6,3,5,1,2,7,28.6,5,80,27,33.8,15,45,20,8,4,1,4,5,14,2,0
57,Conor Coady,ENG,DF,Wolves,28-250,1993,10.0,8,6,5,3,0,5,9,55.6,4,47,20,42.6,34,11,2,11,8,0,3,13,21,34,0
58,Séamus Coleman,IRL,DF,Everton,33-022,1988,7.0,10,8,6,3,1,9,16,56.3,7,62,19,30.6,32,26,4,11,2,0,9,11,21,15,0
59,Nathan Collins,IRL,DF,Burnley,20-186,2001,3.0,9,6,8,1,0,1,3,33.3,2,27,10,37.0,20,5,2,7,3,0,4,7,16,13,0
60,Liam Cooper,SCO,DF,Leeds United,30-064,1991,10.0,18,9,12,5,1,6,11,54.5,5,103,41,39.8,62,38,3,16,11,0,5,19,37,63,1
61,Jack Cork,ENG,MF,Burnley,32-130,1989,3.5,4,3,0,2,2,2,6,33.3,4,52,14,26.9,12,26,14,4,0,0,4,5,9,5,0
62,Maxwel Cornet,CIV,"MF,FW",Burnley,25-036,1996,3.1,2,2,1,0,1,0,2,0.0,2,35,12,34.3,2,18,15,1,1,0,0,5,7,1,0
63,Hélder Costa,POR,MF,Leeds United,27-294,1994,0.2,0,0,0,0,0,0,2,0.0,2,9,2,22.2,1,5,3,0,0,0,0,0,0,0,0
64,Vladimír Coufal,CZE,DF,West Ham,29-072,1992,7.0,17,9,9,6,2,5,9,55.6,4,95,30,31.6,44,37,14,13,2,0,11,6,23,19,0
65,Aaron Cresswell,ENG,DF,West Ham,31-322,1989,10.0,14,7,8,4,2,5,8,62.5,3,66,25,37.9,37,25,4,14,4,0,10,5,19,23,0
66,Charlie Cresswell,ENG,DF,Leeds United,18-330,2002,1.0,4,2,2,2,0,1,2,50.0,1,19,5,26.3,9,10,0,1,1,0,0,2,6,5,0
67,Cucho,COL,"MF,FW",Watford,22-196,1999,4.0,4,1,2,2,0,1,9,11.1,8,80,17,21.3,24,32,24,7,0,0,7,2,6,1,0
68,Marc Cucurella,ESP,DF,Brighton,23-103,1998,6.6,14,8,4,7,3,6,10,60.0,4,124,41,33.1,49,51,24,20,1,0,19,10,24,6,0
69,Stuart Dallas,NIR,"DF,MF",Leeds United,30-197,1991,9.9,15,6,11,4,0,8,26,30.8,18,134,39,29.1,61,56,17,11,4,0,7,17,32,27,0
70,Diogo Dalot,POR,"DF,FW",Manchester Utd,22-229,1999,1.0,1,0,1,0,0,0,1,0.0,1,8,1,12.5,3,3,2,1,0,0,1,3,4,3,0
71,Tom Davies,ENG,MF,Everton,23-125,1998,1.4,4,2,1,2,1,1,2,50.0,1,36,8,22.2,15,15,6,3,0,0,3,4,8,2,0
72,Craig Dawson,ENG,DF,West Ham,31-180,1990,4.2,2,1,2,0,0,1,3,33.3,2,30,10,33.3,16,12,2,7,5,0,2,4,6,26,1
73,Kevin De Bruyne,BEL,MF,Manchester City,30-127,1991,4.0,2,1,0,2,0,0,3,0.0,3,52,18,34.6,11,19,22,5,2,0,3,2,4,4,0
74,Troy Deeney,ENG,FW,Watford,33-126,1988,0.3,0,0,0,0,0,0,1,0.0,1,7,2,28.6,1,2,4,0,0,0,0,0,0,3,0
75,Fabian Delph,ENG,MF,Everton,31-346,1989,0.6,3,5,2,1,0,2,2,100.0,0,6,5,83.3,4,2,0,1,0,0,1,2,5,0,0
76,Leander Dendoncker,BEL,"MF,FW",Wolves,26-201,1995,3.6,6,3,3,3,0,1,6,16.7,5,66,21,31.8,28,27,11,9,2,0,7,3,9,8,0
77,Emmanuel Dennis,NGA,"FW,MF",Watford,23-352,1997,7.4,18,8,10,5,3,5,17,29.4,12,176,38,21.6,42,79,55,11,1,0,10,5,23,2,0
78,Ibrahima Diallo,FRA,MF,Southampton,22-239,1999,3.4,4,4,1,2,1,1,7,14.3,6,79,25,31.6,24,46,9,0,0,0,0,1,5,2,0
79,Raphael Dias Belloli,BRA,"MF,FW",Leeds United,24-323,1996,8.1,14,6,9,3,2,5,10,50.0,5,123,30,24.4,27,53,43,19,0,0,19,13,27,6,0
80,Rúben Dias,POR,DF,Manchester City,24-172,1997,9.2,19,14,9,7,3,4,8,50.0,4,55,26,47.3,26,25,4,14,8,0,6,14,33,37,1
81,Eric Dier,ENG,DF,Tottenham,27-291,1994,9.1,3,2,2,0,1,0,3,0.0,3,37,13,35.1,22,14,1,19,14,1,5,17,20,55,0
82,Lucas Digne,FRA,DF,Everton,28-105,1993,9.0,23,15,16,2,5,13,19,68.4,6,111,34,30.6,51,34,26,21,4,0,17,17,40,26,0
83,Virgil van Dijk,NED,DF,Liverpool,30-117,1991,10.0,6,4,3,3,0,2,3,66.7,1,30,8,26.7,15,13,2,9,7,0,2,13,19,52,0
84,Moussa Djenepo,MLI,MF,Southampton,23-140,1998,4.5,13,8,6,6,1,6,11,54.5,5,93,22,23.7,43,35,15,7,1,0,6,9,22,3,0
85,Lewis Dobbin,ENG,"MF,FW",Everton,18-303,2003,0.0,1,1,0,1,0,0,1,0.0,1,3,2,66.7,0,1,2,0,0,0,0,0,1,0,0
86,Gabriel Dos Santos,BRA,DF,Arsenal,23-318,1997,7.0,8,7,6,1,1,3,4,75.0,1,48,20,41.7,26,18,4,14,10,0,4,6,14,31,1
87,Abdoulaye Doucouré,FRA,MF,Everton,28-305,1993,8.0,20,9,10,9,1,12,23,52.2,11,195,51,26.2,88,76,31,12,1,0,11,13,33,16,0
88,Kieran Dowell,ENG,"MF,FW",Norwich City,24-023,1997,1.5,6,2,2,2,2,2,5,40.0,3,34,5,14.7,10,13,11,2,1,0,1,0,6,0,0
89,Shane Duffy,IRL,DF,Brighton,29-305,1992,9.0,9,6,7,1,1,3,8,37.5,5,56,14,25.0,35,18,3,20,11,1,9,11,20,54,0
90,Lewis Dunk,ENG,DF,Brighton,29-346,1991,10.0,10,6,7,2,1,1,4,25.0,3,58,23,39.7,34,20,4,19,13,0,6,19,29,36,0
91,Odsonne Édouard,FRA,FW,Crystal Palace,23-290,1998,4.8,8,5,1,3,4,1,8,12.5,7,116,30,25.9,15,44,57,8,1,0,7,5,13,5,0
92,Harvey Elliott,ENG,MF,Liverpool,18-212,2003,2.8,1,1,1,0,0,0,5,0.0,5,68,16,23.5,17,33,18,7,0,0,7,2,3,3,0
93,Mohamed Elneny,EGY,"MF,FW",Arsenal,29-114,1992,0.5,1,0,1,0,0,1,1,100.0,0,8,2,25.0,7,1,0,0,0,0,0,0,1,0,0
94,Mohamed Elyounoussi,NOR,MF,Southampton,27-090,1994,6.8,15,10,2,10,3,2,6,33.3,4,129,41,31.8,33,60,36,9,0,0,9,5,20,6,0
95,Emerson,BRA,DF,Tottenham,22-292,1999,6.5,32,13,25,6,1,10,18,55.6,8,153,43,28.1,78,56,19,12,1,0,11,16,48,20,0
96,Oghenekaro Etebo,NGA,MF,Watford,25-358,1995,4.1,12,10,5,7,0,4,7,57.1,3,62,22,35.5,28,31,3,5,1,0,4,7,19,6,0
97,Jonny Evans,NIR,DF,Leicester City,33-303,1988,3.3,2,1,1,1,0,2,3,66.7,1,21,5,23.8,13,6,2,5,4,0,1,16,18,16,0
98,Fabinho,BRA,MF,Liverpool,28-010,1993,5.3,8,4,3,4,1,2,9,22.2,7,91,23,25.3,29,45,17,11,2,0,9,8,16,8,0
99,Kiko Femenía,ESP,DF,Watford,30-273,1991,3.0,3,0,2,1,0,3,5,60.0,2,27,6,22.2,16,8,3,7,3,0,4,3,6,8,0
100,Bruno Fernandes,POR,MF,Manchester Utd,27-055,1994,9.4,13,11,3,6,4,4,21,19.0,17,164,46,28.0,22,89,53,6,0,0,6,8,21,10,0
101,Federico Fernández,ARG,DF,Newcastle Utd,32-254,1989,4.9,1,1,0,1,0,0,6,0.0,6,24,4,16.7,13,9,2,9,7,0,2,8,9,19,0
102,Fernandinho,BRA,MF,Manchester City,36-182,1985,2.1,8,5,1,6,1,1,7,14.3,6,31,10,32.3,9,19,3,3,0,0,3,0,8,5,0
103,Roberto Firmino,BRA,FW,Liverpool,30-031,1991,4.1,9,6,2,5,2,1,5,20.0,4,93,32,34.4,14,42,37,6,0,0,6,1,10,1,0
104,Junior Firpo,ESP,DF,Leeds United,25-072,1996,5.2,18,10,12,5,1,7,11,63.6,4,89,25,28.1,44,31,14,9,1,0,8,11,29,11,0
105,Phil Foden,ENG,FW,Manchester City,21-158,2000,5.2,2,2,1,0,1,1,1,100.0,0,113,32,28.3,12,41,60,5,1,0,4,3,5,0,0
106,Pablo Fornals,ESP,"FW,MF",West Ham,25-253,1996,9.8,17,9,6,6,5,8,28,28.6,20,217,60,27.6,63,100,54,18,1,0,17,16,33,6,0
107,Adam Forshaw,ENG,MF,Leeds United,30-025,1991,0.5,3,1,0,3,0,2,2,100.0,0,14,4,28.6,4,9,1,2,0,0,2,0,3,1,0
108,Marcus Forss,FIN,"FW,MF",Brentford,22-137,1999,1.7,2,1,0,2,0,1,2,50.0,1,54,15,27.8,10,18,26,3,0,0,3,1,3,0,0
109,Ben Foster,ENG,GK,Watford,38-213,1983,6.0,0,0,0,0,0,0,2,0.0,2,1,0,0.0,1,0,0,0,0,0,0,0,0,3,0
110,Ryan Fraser,SCO,MF,Newcastle Utd,27-251,1994,2.2,1,0,1,0,0,0,3,0.0,3,20,4,20.0,7,7,6,0,0,0,0,3,4,1,0
111,Fred,BRA,MF,Manchester Utd,28-242,1993,7.6,23,18,8,11,4,7,25,28.0,18,185,51,27.6,56,107,22,15,3,0,12,11,34,13,0
112,Conor Gallagher,ENG,MF,Crystal Palace,21-269,2000,8.7,25,15,16,4,5,5,18,27.8,13,217,59,27.2,58,111,48,15,3,0,12,8,33,12,0
113,Anwar El Ghazi,NED,"FW,MF",Aston Villa,26-183,1995,3.0,2,2,0,2,0,1,4,25.0,3,28,10,35.7,4,13,11,3,0,0,3,1,3,1,0
114,Saman Ghoddos,IRN,"MF,DF",Brentford,28-057,1993,1.7,6,4,3,2,1,4,5,80.0,1,38,14,36.8,7,20,11,2,0,0,2,3,9,3,0
115,Dimitris Giannoulis,GRE,DF,Norwich City,26-016,1995,4.1,11,5,6,5,0,7,9,77.8,2,60,15,25.0,33,16,11,15,2,0,13,11,22,8,0
116,Ben Gibson,ENG,DF,Norwich City,28-291,1993,6.7,5,3,5,0,0,2,3,66.7,1,30,9,30.0,20,9,1,16,7,0,9,15,20,49,0
117,Billy Gilmour,SCO,MF,Norwich City,20-144,2001,3.9,11,8,7,4,0,4,9,44.4,5,81,22,27.2,46,29,6,3,0,0,3,7,18,12,0
118,Ben Godfrey,ENG,DF,Everton,23-291,1998,6.5,13,5,6,6,1,3,6,50.0,3,66,19,28.8,42,20,4,16,6,0,10,21,34,26,1
119,Anthony Gordon,ENG,MF,Everton,20-251,2001,2.1,7,5,3,3,1,4,8,50.0,4,41,10,24.4,16,17,8,4,0,0,4,7,14,1,0
120,Dan Gosling,ENG,MF,Watford,31-274,1990,0.2,0,0,0,0,0,0,4,0.0,4,5,1,20.0,2,3,0,0,0,0,0,0,0,1,0
121,Demarai Gray,ENG,MF,Everton,25-127,1996,9.4,10,6,3,5,2,6,11,54.5,5,92,30,32.6,19,39,34,5,0,0,5,8,18,6,0
122,Jack Grealish,ENG,"FW,MF",Manchester City,26-053,1995,8.2,9,6,3,5,1,2,5,40.0,3,105,35,33.3,13,42,50,5,1,0,4,4,13,0,0
123,Mason Greenwood,ENG,FW,Manchester Utd,20-032,2001,8.1,6,2,2,0,4,2,5,40.0,3,75,21,28.0,12,28,35,4,0,0,4,4,10,2,0
124,Pascal Groß,GER,"MF,DF",Brighton,30-140,1991,6.9,11,7,9,2,0,5,9,55.6,4,106,30,28.3,45,37,24,10,0,0,10,3,14,12,0
125,Marc Guéhi,ENG,DF,Crystal Palace,21-112,2000,10.0,10,7,7,3,0,4,5,80.0,1,62,26,41.9,38,21,3,14,6,0,8,10,20,45,0
126,İlkay Gündoğan,GER,MF,Manchester City,31-009,1990,5.6,7,3,1,6,0,2,8,25.0,6,55,12,21.8,17,25,13,5,2,1,3,4,11,4,0
127,Grant Hanley,SCO,DF,Norwich City,29-347,1991,10.0,17,14,9,7,1,7,9,77.8,2,94,38,40.4,67,24,3,19,13,1,6,20,37,66,0
128,Jack Harrison,ENG,"MF,FW",Leeds United,24-347,1996,6.5,7,4,3,3,1,6,14,42.9,8,112,30,26.8,30,47,35,6,0,0,6,7,14,5,0
129,Kortney Hause,ENG,DF,Aston Villa,26-109,1995,2.9,4,4,3,0,1,2,2,100.0,0,37,15,40.5,21,15,1,8,4,0,4,8,12,12,0
130,Kai Havertz,GER,"FW,MF",Chelsea,22-144,1999,5.3,7,3,2,4,1,2,7,28.6,5,79,22,27.8,7,28,44,10,0,0,10,3,10,14,0
131,Isaac Hayden,ENG,"MF,DF",Newcastle Utd,26-225,1995,8.2,25,12,13,10,2,7,20,35.0,13,147,46,31.3,59,74,14,19,8,0,11,14,39,24,0
132,Hwang Hee-chan,KOR,"FW,MF",Wolves,25-280,1996,5.7,4,6,1,3,0,2,12,16.7,10,76,19,25.0,19,32,25,4,0,0,4,6,10,5,1
133,Jordan Henderson,ENG,MF,Liverpool,31-138,1990,8.1,14,11,2,9,3,8,16,50.0,8,145,43,29.7,36,85,24,8,0,0,8,15,29,6,0
134,Jeff Hendrick,IRL,MF,Newcastle Utd,29-275,1992,0.7,1,1,0,1,0,1,1,100.0,0,16,2,12.5,2,11,3,0,0,0,0,0,1,1,0
135,Rico Henry,ENG,DF,Brentford,24-117,1997,9.8,11,10,5,4,2,3,8,37.5,5,126,43,34.1,49,52,25,23,4,0,19,18,29,18,0
136,Son Heung-min,KOR,FW,Tottenham,29-117,1992,8.8,4,4,2,1,1,0,6,0.0,6,94,24,25.5,11,49,34,8,1,0,7,3,7,1,0
137,Ki-Jana Hoever,NED,DF,Wolves,19-288,2002,1.1,8,6,5,3,0,3,7,42.9,4,31,9,29.0,17,12,2,0,0,0,0,1,9,3,0
138,Rob Holding,ENG,"DF,MF",Arsenal,26-043,1995,2.0,5,3,5,0,0,2,2,100.0,0,15,4,26.7,13,1,1,11,9,0,2,5,10,12,0
139,Mason Holgate,ENG,DF,Everton,25-011,1996,3.0,3,2,3,0,0,0,1,0.0,1,14,1,7.1,9,3,2,4,2,0,2,6,9,19,0
140,Callum Hudson-Odoi,ENG,"MF,FW",Chelsea,20-360,2000,3.3,5,2,3,2,0,1,5,20.0,4,48,12,25.0,9,16,23,3,0,0,3,1,6,2,0
141,Pierre Højbjerg,DEN,MF,Tottenham,26-089,1995,10.0,29,19,6,21,2,12,30,40.0,18,211,61,28.9,73,111,27,21,4,0,17,23,52,20,0
142,Adam Idah,IRL,FW,Norwich City,20-236,2001,0.6,1,1,0,0,1,0,1,0.0,1,14,4,28.6,1,8,5,1,1,0,0,0,1,1,0
143,Kelechi Iheanacho,NGA,"FW,MF",Leicester City,25-030,1996,4.4,7,4,1,5,1,3,5,60.0,2,99,26,26.3,5,54,40,4,0,0,4,2,9,3,0
144,Danny Ings,ENG,FW,Aston Villa,29-102,1992,8.4,7,2,2,4,1,3,8,37.5,5,150,22,14.7,22,56,72,12,3,0,9,9,16,6,0
145,Alex Iwobi,NGA,"MF,FW",Everton,25-183,1996,5.1,3,2,2,0,1,2,5,40.0,3,67,23,34.3,21,30,16,6,0,0,6,6,9,6,0
146,Daniel James,WAL,FW,Manchester Utd,23-357,1997,1.4,4,4,0,4,0,1,1,100.0,0,31,8,25.8,5,13,13,2,0,0,2,0,4,1,0
147,Daniel James,WAL,"MF,FW",Leeds United,23-357,1997,5.3,5,2,2,0,3,2,7,28.6,5,60,12,20.0,16,18,26,5,0,0,5,7,12,6,0
148,Reece James,ENG,"DF,MF",Chelsea,21-329,1999,4.1,9,6,7,1,1,3,6,50.0,3,64,24,37.5,34,19,11,8,1,1,7,4,13,4,0
149,Vitaly Janelt,GER,MF,Brentford,23-176,1998,5.9,20,14,5,11,4,6,13,46.2,7,99,31,31.3,21,53,25,11,1,0,10,10,30,6,0
150,Pontus Jansson,SWE,DF,Brentford,30-262,1991,9.9,8,6,7,1,0,4,8,50.0,4,51,22,43.1,33,15,3,12,5,0,7,20,28,49,1
151,Mathias Jensen,DEN,MF,Brentford,25-305,1996,3.8,9,8,3,4,2,6,19,31.6,13,95,25,26.3,33,40,22,10,1,0,9,4,13,3,0
152,Gabriel Jesus,BRA,FW,Manchester City,24-213,1997,7.5,9,5,3,2,4,2,11,18.2,9,126,25,19.8,14,56,56,13,1,0,12,4,13,1,0
153,Raúl Jiménez,MEX,FW,Wolves,30-181,1991,9.0,7,5,0,3,4,1,7,14.3,6,114,28,24.6,9,45,60,6,0,0,6,5,12,7,0
154,Joelinton,BRA,"MF,FW",Newcastle Utd,25-080,1996,5.6,6,5,3,1,2,1,4,25.0,3,99,35,35.4,25,47,27,12,1,0,11,7,13,7,0
155,Ben Johnson,ENG,DF,West Ham,21-282,2000,3.0,13,8,8,3,2,7,9,77.8,2,34,18,52.9,17,8,9,5,1,0,4,8,21,4,0
156,Curtis Jones,ENG,MF,Liverpool,20-276,2001,3.6,5,3,1,4,0,0,2,0.0,2,84,18,21.4,15,56,13,1,0,0,1,0,5,1,0
157,Jorginho,ITA,MF,Chelsea,29-317,1991,7.2,23,14,14,7,2,7,28,25.0,21,163,50,30.7,61,76,26,9,4,0,5,17,40,8,0
158,Diogo Jota,POR,FW,Liverpool,24-333,1996,6.7,8,4,3,3,2,3,13,23.1,10,152,34,22.4,32,59,61,6,2,0,4,3,11,3,0
159,Mathias Jørgensen,DEN,DF,Brentford,31-193,1990,4.6,10,2,3,4,3,6,8,75.0,2,44,10,22.7,24,14,6,6,1,0,5,8,18,11,0
160,Ozan Kabak,TUR,DF,Norwich City,21-222,2000,5.8,4,3,1,2,1,0,3,0.0,3,50,16,32.0,32,17,1,10,6,0,4,9,13,25,0
161,Christian Kabasele,BEL,DF,Watford,30-251,1991,2.3,0,0,0,0,0,0,1,0.0,1,10,4,40.0,8,2,0,8,3,0,5,7,7,10,0
162,Harry Kane,ENG,"FW,MF",Tottenham,28-097,1993,8.2,6,4,0,3,3,1,5,20.0,4,102,27,26.5,1,38,63,3,2,0,1,1,7,9,0
163,N'Golo Kanté,FRA,MF,Chelsea,30-218,1991,3.6,10,6,5,4,1,1,6,16.7,5,54,19,35.2,20,20,14,6,1,0,5,4,14,2,0
164,Michael Keane,ENG,DF,Everton,28-295,1993,10.0,12,13,10,2,0,4,10,40.0,6,47,17,36.2,32,14,1,19,13,0,6,18,30,56,1
165,Naby Keïta,GUI,MF,Liverpool,26-265,1995,4.0,15,12,6,6,3,8,12,66.7,4,98,29,29.6,23,50,25,9,1,0,8,3,18,0,0
166,Max Kilman,ENG,DF,Wolves,24-163,1997,10.0,20,11,14,6,0,9,13,69.2,4,83,28,33.7,49,30,4,12,4,0,8,19,39,45,0
167,Joshua King,NOR,FW,Watford,29-291,1992,6.1,6,5,1,4,1,0,2,0.0,2,105,35,33.3,11,49,45,3,1,0,2,3,9,7,0
168,Mateusz Klich,POL,MF,Leeds United,31-142,1990,6.2,9,6,2,3,4,5,14,35.7,9,123,32,26.0,29,58,36,1,0,0,1,2,11,3,0
169,Robin Koch,GER,MF,Leeds United,25-108,1996,1.0,3,2,1,2,0,0,2,0.0,2,21,7,33.3,8,12,1,2,0,0,2,5,8,3,0
170,Ibrahima Konaté,FRA,DF,Liverpool,22-161,1999,3.0,5,3,4,1,0,2,3,66.7,1,20,8,40.0,15,5,0,3,3,0,0,3,8,20,0
171,Ezri Konsa,ENG,DF,Aston Villa,24-010,1997,9.5,10,7,5,4,1,2,5,40.0,3,69,26,37.7,33,30,6,21,13,0,8,20,30,28,0
172,Cheikhou Kouyaté,SEN,"MF,DF",Crystal Palace,31-316,1989,6.0,11,8,6,5,0,2,8,25.0,6,103,24,23.3,57,40,6,19,6,0,13,15,26,19,0
173,Mateo Kovačić,CRO,MF,Chelsea,27-180,1994,7.8,28,21,9,15,4,9,17,52.9,8,180,58,32.2,42,99,39,9,2,0,7,10,38,8,0
174,Emil Krafth,SWE,DF,Newcastle Utd,27-092,1994,3.0,3,0,3,0,0,3,10,30.0,7,40,11,27.5,22,16,2,5,2,0,3,8,11,13,0
175,Tim Krul,NED,GK,Norwich City,33-213,1988,10.0,0,0,0,0,0,0,1,0.0,1,4,0,0.0,4,0,0,0,0,0,0,0,0,0,1
176,Juraj Kucka,SVK,MF,Watford,34-249,1987,8.5,27,17,15,10,2,12,25,48.0,13,158,52,32.9,57,78,23,12,6,1,6,15,42,20,1
177,Alexandre Lacazette,FRA,"MF,FW",Arsenal,30-158,1991,2.2,0,0,0,0,0,0,1,0.0,1,46,13,28.3,11,21,14,2,0,0,2,3,3,0,0
178,Adam Lallana,ENG,MF,Brighton,33-176,1988,8.9,23,12,9,11,3,7,23,30.4,16,174,53,30.5,70,77,27,15,4,0,11,16,39,10,0
179,Tariq Lamptey,ENG,"DF,FW",Brighton,21-033,2000,1.0,2,1,1,1,0,0,1,0.0,1,12,2,16.7,2,7,3,2,0,0,2,2,4,0,0
180,Manuel Lanzini,ARG,"MF,FW",West Ham,28-260,1993,0.6,3,1,2,1,0,1,4,25.0,3,18,7,38.9,5,11,2,3,0,0,3,1,4,0,0
181,Aymeric Laporte,ESP,DF,Manchester City,27-159,1994,7.3,2,0,2,0,0,1,2,50.0,1,33,12,36.4,22,10,1,3,2,0,1,9,11,24,1
182,Jamaal Lascelles,ENG,DF,Newcastle Utd,27-356,1993,7.0,3,2,2,1,0,1,4,25.0,3,40,11,27.5,24,14,2,19,11,0,8,10,13,39,0
183,Pierre Lees-Melou,FRA,MF,Norwich City,28-161,1993,7.2,20,12,10,9,1,6,21,28.6,15,210,46,21.9,80,106,24,22,4,1,18,11,31,4,0
184,Aaron Lennon,ENG,MF,Burnley,34-200,1987,1.2,3,2,1,2,0,1,6,16.7,5,26,12,46.2,7,14,5,4,1,0,3,1,4,1,0
185,Victor Lindelöf,SWE,DF,Manchester Utd,27-108,1994,6.3,2,1,1,1,0,2,3,66.7,1,24,10,41.7,11,9,4,9,3,0,6,9,11,41,0
186,Jesse Lingard,ENG,FW,Manchester Utd,28-322,1992,0.8,2,1,0,2,0,1,1,100.0,0,20,6,30.0,5,5,10,0,0,0,0,2,4,0,0
187,Valentino Livramento,ENG,DF,Southampton,18-355,2002,9.9,19,10,11,5,3,12,20,60.0,8,131,32,24.4,62,49,20,9,3,0,6,28,47,18,0
188,Diego Llorente,ESP,DF,Leeds United,28-078,1993,5.1,9,6,5,3,1,3,5,60.0,2,82,33,40.2,47,33,2,14,4,0,10,7,16,32,1
189,Giovani Lo Celso,ARG,"MF,FW",Tottenham,25-207,1996,2.1,8,3,4,3,1,3,11,27.3,8,57,10,17.5,21,23,13,4,0,0,4,1,9,0,0
190,Ruben Loftus-Cheek,ENG,MF,Chelsea,25-283,1996,2.7,8,4,4,3,1,2,6,33.3,4,49,18,36.7,14,27,8,6,2,0,4,4,12,7,0
191,Sean Longstaff,ENG,MF,Newcastle Utd,24-003,1997,7.8,30,21,13,13,4,11,31,35.5,20,217,59,27.2,99,94,24,14,5,0,9,14,44,14,0
192,Ademola Lookman,ENG,"FW,MF",Leicester City,24-013,1997,2.9,8,8,1,6,1,4,5,80.0,1,55,21,38.2,13,26,16,6,0,0,6,3,11,1,0
193,Imran Louza,MAR,MF,Watford,22-185,1999,0.5,1,0,0,1,0,0,1,0.0,1,7,3,42.9,1,5,1,0,0,0,0,0,1,0,0
194,Matthew Lowton,ENG,DF,Burnley,32-146,1989,10.0,25,13,10,9,6,10,19,52.6,9,92,39,42.4,33,33,26,27,9,0,18,13,38,30,0
195,Douglas Luiz,BRA,MF,Aston Villa,23-177,1998,7.6,14,9,7,5,2,7,18,38.9,11,122,35,28.7,50,62,10,17,4,0,13,19,33,7,0
196,Alexis Mac Allister,ARG,"FW,MF",Brighton,22-313,1998,2.7,16,12,7,6,3,6,11,54.5,5,83,35,42.2,27,31,25,7,1,0,6,2,18,1,0
197,James Maddison,ENG,"MF,FW",Leicester City,24-344,1996,6.6,9,5,1,5,3,3,8,37.5,5,113,28,24.8,32,55,26,6,0,0,6,6,15,1,0
198,Harry Maguire,ENG,DF,Manchester Utd,28-242,1993,8.7,11,5,7,4,0,5,10,50.0,5,46,17,37.0,31,14,1,14,12,0,2,12,23,58,0
199,Riyad Mahrez,ALG,FW,Manchester City,30-254,1991,2.9,2,1,0,1,1,1,4,25.0,3,35,15,42.9,4,15,16,1,0,0,1,1,3,0,0
200,Ainsley Maitland-Niles,ENG,"MF,DF",Arsenal,24-065,1997,1.6,2,1,0,1,1,0,2,0.0,2,27,7,25.9,10,11,6,3,1,0,2,2,4,1,0
201,Sadio Mané,SEN,FW,Liverpool,29-206,1992,9.2,10,4,0,6,4,0,3,0.0,3,107,32,29.9,16,45,46,11,0,0,11,5,15,5,0
202,Javier Manquillo,ESP,DF,Newcastle Utd,27-181,1994,6.5,20,12,13,5,2,9,19,47.4,10,86,25,29.1,45,25,16,16,5,0,11,5,25,14,0
203,Fernando Marçal,BRA,DF,Wolves,32-256,1989,7.6,19,14,12,5,2,7,17,41.2,10,115,33,28.7,59,42,14,18,2,0,16,18,37,27,0
204,Solly March,ENG,"DF,MF",Brighton,27-105,1994,5.1,12,6,6,2,4,2,7,28.6,5,80,25,31.3,28,21,31,8,0,0,8,9,21,7,0
205,Pablo Marí,ESP,DF,Arsenal,28-063,1993,2.0,6,2,2,3,1,4,8,50.0,4,19,4,21.1,9,8,2,6,4,0,2,6,12,11,0
206,Anthony Martial,FRA,FW,Manchester Utd,25-332,1995,1.7,1,1,0,0,1,0,1,0.0,1,24,8,33.3,4,9,11,2,0,0,2,1,2,2,0
207,Martinelli,BRA,FW,Arsenal,20-137,2001,1.8,3,2,0,1,2,1,3,33.3,2,42,9,21.4,7,15,20,4,1,0,3,0,3,2,0
208,Adam Masina,MAR,DF,Watford,27-304,1994,5.5,11,5,6,5,0,4,11,36.4,7,76,24,31.6,33,32,11,9,1,0,8,9,20,28,0
209,Jean-Philippe Mateta,FRA,FW,Crystal Palace,24-127,1997,0.7,1,0,1,0,0,1,1,100.0,0,16,3,18.8,1,10,5,1,1,0,0,0,1,1,0
210,Nemanja Matić,SRB,MF,Manchester Utd,33-093,1988,3.3,9,7,4,4,1,3,5,60.0,2,46,16,34.8,16,28,2,10,2,0,8,6,15,7,0
211,Joël Matip,CMR,DF,Liverpool,30-086,1991,7.0,6,5,1,5,0,2,4,50.0,2,48,18,37.5,23,20,5,10,6,1,4,11,17,31,0
212,Neal Maupay,FRA,FW,Brighton,25-080,1996,8.1,8,5,1,4,3,2,5,40.0,3,161,41,25.5,17,60,84,6,0,0,6,5,13,1,0
213,Bryan Mbeumo,FRA,FW,Brentford,22-087,1999,8.2,6,4,0,3,3,1,3,33.3,2,131,29,22.1,13,57,61,14,2,0,12,1,7,5,0
214,James McArthur,SCO,MF,Crystal Palace,34-026,1987,9.7,20,14,11,9,0,8,24,33.3,16,226,69,30.5,67,126,33,22,7,0,15,16,36,24,0
215,John McGinn,SCO,MF,Aston Villa,27-015,1994,8.4,19,10,5,9,5,4,14,28.6,10,131,39,29.8,27,75,29,4,1,0,3,12,31,6,0
216,Kenny McLean,SCO,MF,Norwich City,29-298,1992,8.5,11,7,9,2,0,4,15,26.7,11,123,26,21.1,62,47,14,8,2,0,6,16,27,13,0
217,Dwight McNeil,ENG,MF,Burnley,21-345,1999,9.8,19,12,6,11,2,5,27,18.5,22,201,57,28.4,69,85,47,31,8,2,23,21,40,4,0
218,Scott McTominay,SCO,MF,Manchester Utd,24-329,1996,5.9,11,5,7,2,2,5,12,41.7,7,82,18,22.0,26,47,9,10,2,0,8,7,18,17,0
219,Ben Mee,ENG,DF,Burnley,32-040,1989,7.0,5,2,2,2,1,1,4,25.0,3,37,12,32.4,19,15,3,12,7,1,5,11,16,42,0
220,Benjamin Mendy,FRA,DF,Manchester City,27-108,1994,0.9,3,1,1,1,1,2,4,50.0,2,12,2,16.7,3,8,1,0,0,0,0,0,3,3,0
221,Edouard Mendy,SEN,GK,Chelsea,29-246,1992,9.0,0,0,0,0,0,0,1,0.0,1,1,1,100.0,1,0,0,0,0,0,0,0,0,0,0
222,Luka Milivojević,SRB,MF,Crystal Palace,30-209,1991,3.6,5,3,2,2,1,4,8,50.0,4,55,16,29.1,16,31,8,2,0,0,2,3,8,6,0
223,James Milner,ENG,"DF,MF",Liverpool,35-302,1986,4.1,13,7,7,4,2,6,17,35.3,11,59,22,37.3,13,35,11,7,2,0,5,10,23,12,0
224,Yerry Mina,COL,DF,Everton,27-040,1994,5.1,10,6,10,0,0,4,7,57.1,3,42,16,38.1,30,11,1,10,6,0,4,6,16,34,0
225,Tyrone Mings,ENG,DF,Aston Villa,28-234,1993,8.4,7,3,1,5,1,2,5,40.0,3,61,12,19.7,28,25,8,22,12,1,10,21,28,43,1
226,Tyrick Mitchell,ENG,DF,Crystal Palace,22-062,1999,10.0,34,19,21,12,1,12,22,54.5,10,196,61,31.1,105,65,26,17,2,0,15,19,53,20,0
227,Jakub Moder,POL,"MF,FW",Brighton,22-209,1999,5.7,9,7,2,6,1,5,11,45.5,6,99,29,29.3,37,37,25,7,0,0,7,2,11,8,0
228,Mason Mount,ENG,"MF,FW",Chelsea,22-296,1999,5.0,6,4,2,1,3,1,10,10.0,9,95,26,27.4,20,38,37,3,0,0,3,3,9,4,0
229,Lucas Moura,BRA,FW,Tottenham,29-081,1992,7.5,11,6,2,5,4,0,14,0.0,14,106,27,25.5,28,49,29,5,0,0,5,7,18,13,0
230,João Moutinho,POR,MF,Wolves,35-055,1986,9.3,15,13,6,6,3,9,22,40.9,13,142,48,33.8,60,67,15,12,2,0,10,17,32,10,0
231,Jacob Murphy,ENG,"DF,MF",Newcastle Utd,26-251,1995,3.7,11,5,6,5,0,5,11,45.5,6,72,20,27.8,36,25,11,7,0,0,7,7,18,3,0
232,Enock Mwepu,ZAM,MF,Brighton,23-305,1998,2.4,7,3,3,4,0,1,8,12.5,7,61,20,32.8,20,29,12,7,1,0,6,5,12,2,0
233,Marvelous Nakamba,ZIM,MF,Aston Villa,27-287,1994,3.3,5,4,2,2,1,2,7,28.6,5,53,15,28.3,20,25,8,4,0,0,4,2,7,3,0
234,Wilfred Ndidi,NGA,MF,Leicester City,24-321,1996,6.0,26,19,15,10,1,8,23,34.8,15,139,42,30.2,59,67,13,8,1,0,7,13,39,18,0
235,Tanguy Ndombele,FRA,MF,Tottenham,24-309,1996,4.5,12,9,4,7,1,1,1,100.0,0,67,21,31.3,13,38,16,1,0,0,1,1,13,1,0
236,Rúben Neves,POR,MF,Wolves,24-234,1997,8.1,18,11,4,11,3,8,23,34.8,15,130,40,30.8,36,76,18,8,1,0,7,10,28,17,1
237,Jeremy Ngakia,ENG,DF,Watford,21-056,2000,4.2,16,8,13,1,2,11,21,52.4,10,85,30,35.3,56,18,11,4,0,0,4,16,32,5,0
238,Saúl Ñíguez,ESP,MF,Chelsea,26-346,1994,0.5,0,0,0,0,0,0,1,0.0,1,15,1,6.7,7,8,0,2,1,0,1,0,0,2,1
239,Mathias Normann,NOR,MF,Norwich City,25-158,1996,5.4,11,5,8,2,1,3,7,42.9,4,86,11,12.8,35,45,6,12,6,0,6,5,16,12,0
240,Christian Nørgaard,DEN,MF,Brentford,27-237,1994,9.9,32,26,10,21,1,13,23,56.5,10,190,67,35.3,64,112,14,12,2,1,10,26,58,11,0
241,Angelo Ogbonna,ITA,DF,West Ham,33-163,1988,10.0,13,8,8,5,0,3,7,42.9,4,50,16,32.0,32,15,3,7,4,0,3,12,25,37,0
242,Michael Olise,FRA,"FW,MF",Crystal Palace,19-325,2001,1.6,2,2,0,2,0,1,1,100.0,0,30,16,53.3,5,18,7,1,0,0,1,2,4,2,0
243,Andrew Omobamidele,IRL,DF,Norwich City,19-132,2002,2.2,5,3,2,3,0,4,7,57.1,3,27,9,33.3,19,8,0,4,4,0,0,5,10,10,0
244,Frank Onyeka,NGA,MF,Brentford,23-305,1998,5.9,17,10,7,8,2,1,6,16.7,5,130,40,30.8,48,59,23,10,1,0,9,5,22,6,0
245,Alex Oxlade-Chamberlain,ENG,MF,Liverpool,28-079,1993,2.2,4,3,1,2,1,0,2,0.0,2,45,9,20.0,7,25,13,1,0,0,1,7,11,1,0
246,Cole Palmer,ENG,MF,Manchester City,19-180,2002,0.3,1,1,0,1,0,0,1,0.0,1,9,1,11.1,0,5,4,0,0,0,0,1,2,0,0
247,Thomas Partey,GHA,MF,Arsenal,28-142,1993,6.0,17,13,7,9,1,5,15,33.3,10,83,24,28.9,33,44,6,12,0,0,12,10,27,13,1
248,João Pedro,BRA,"MF,FW",Watford,20-037,2001,1.7,0,0,0,0,0,0,1,0.0,1,37,3,8.1,8,18,11,1,0,0,1,2,2,2,0
249,Nicolas Pépé,CIV,"FW,MF",Arsenal,26-157,1995,5.4,9,6,5,2,2,2,6,33.3,4,80,21,26.3,23,27,30,10,0,0,10,7,16,2,1
250,Ricardo Pereira,POR,DF,Leicester City,28-027,1993,5.6,19,10,8,9,2,10,22,45.5,12,106,29,27.4,37,49,20,15,2,0,13,11,30,16,0
251,Ayoze Pérez,ESP,"FW,MF",Leicester City,28-102,1993,1.5,3,2,0,3,0,0,2,0.0,2,33,9,27.3,7,21,5,2,0,0,2,2,5,0,0
252,Romain Perraud,FRA,DF,Southampton,24-041,1997,4.8,12,6,4,3,5,4,4,100.0,0,73,21,28.8,31,24,18,5,1,0,4,2,14,10,0
253,Kalvin Phillips,ENG,MF,Leeds United,25-335,1995,7.0,25,18,11,10,4,6,16,37.5,10,196,61,31.1,66,94,36,11,4,0,7,8,33,12,1
254,Erik Pieters,NED,"DF,MF",Burnley,33-087,1988,1.1,6,2,6,0,0,3,6,50.0,3,26,7,26.9,17,9,0,4,1,0,3,2,8,3,1
255,Ethan Pinnock,JAM,DF,Brentford,28-157,1993,9.0,12,9,10,2,0,3,8,37.5,5,64,21,32.8,41,23,0,10,3,0,7,21,33,54,1
256,Daniel Podence,POR,"FW,MF",Wolves,26-012,1995,1.8,1,0,1,0,0,0,2,0.0,2,18,6,33.3,5,3,10,1,0,0,1,0,1,0,0
257,Paul Pogba,FRA,"MF,FW",Manchester Utd,28-232,1993,7.0,10,3,5,4,1,3,10,30.0,7,134,39,29.1,28,67,39,8,1,0,7,12,22,12,0
258,Teemu Pukki,FIN,FW,Norwich City,31-218,1990,9.4,7,3,0,4,3,1,7,14.3,6,193,42,21.8,20,84,89,8,1,0,7,5,12,1,0
259,Christian Pulisic,USA,MF,Chelsea,23-045,1998,0.9,0,0,0,0,0,0,2,0.0,2,28,7,25.0,4,9,15,0,0,0,0,1,1,0,0
260,Jacob Ramsey,ENG,MF,Aston Villa,20-158,2001,5.4,10,5,5,5,0,3,14,21.4,11,115,34,29.6,28,55,32,8,2,0,6,8,18,6,0
261,Milot Rashica,KVX,"FW,MF",Norwich City,25-127,1996,6.1,6,5,2,3,1,4,8,50.0,4,86,22,25.6,30,26,30,5,1,0,4,11,17,4,0
262,Nathan Redmond,ENG,"MF,FW",Southampton,27-241,1994,7.1,5,3,2,3,0,2,13,15.4,11,128,31,24.2,23,48,57,15,0,0,15,8,13,6,0
263,Sergio Reguilón,ESP,DF,Tottenham,24-321,1996,8.9,18,8,10,6,2,9,16,56.3,7,127,28,22.0,57,48,22,16,4,0,12,23,41,28,0
264,Declan Rice,ENG,MF,West Ham,22-292,1999,10.0,25,18,14,8,3,4,11,36.4,7,133,43,32.3,59,64,10,20,10,1,10,27,52,11,0
265,Richarlison,BRA,"MF,FW",Everton,24-176,1997,5.2,7,2,2,2,3,2,4,50.0,2,71,22,31.0,16,25,30,10,2,0,8,3,10,8,0
266,Jaïro Riedewald,NED,MF,Crystal Palace,25-054,1996,1.1,1,1,0,1,0,1,2,50.0,1,9,3,33.3,6,2,1,2,0,0,2,0,1,2,0
267,Matt Ritchie,SCO,DF,Newcastle Utd,32-053,1989,10.0,17,6,9,6,2,9,18,50.0,9,105,31,29.5,49,42,14,22,1,0,21,11,28,24,0
268,Tyler Roberts,WAL,"MF,FW",Leeds United,22-294,1999,3.3,6,4,3,2,1,5,7,71.4,2,45,13,28.9,9,23,13,3,0,0,3,1,7,3,0
269,Andrew Robertson,SCO,DF,Liverpool,27-236,1994,6.6,7,4,3,3,1,3,8,37.5,5,66,14,21.2,18,29,19,11,3,1,8,15,22,20,0
270,Rodri,ESP,MF,Manchester City,25-133,1996,8.0,17,14,6,10,1,13,19,68.4,6,93,38,40.9,22,56,15,12,2,1,10,12,29,20,0
271,Rodrigo,ESP,"MF,FW",Leeds United,30-241,1991,7.5,11,8,2,5,4,2,4,50.0,2,113,34,30.1,12,50,51,2,0,0,2,5,16,6,0
272,Jay Rodriguez,ENG,FW,Burnley,32-096,1989,2.1,4,2,1,2,1,0,3,0.0,3,40,8,20.0,3,21,16,2,1,0,1,0,4,0,0
273,Mads Roerslev,DEN,DF,Brentford,22-131,1999,0.7,4,1,4,0,0,3,5,60.0,2,13,2,15.4,10,2,1,2,0,0,2,1,5,3,0
274,Cristian Romero,ARG,DF,Tottenham,23-189,1998,4.9,15,10,5,10,0,6,10,60.0,4,66,29,43.9,44,22,0,13,5,0,8,20,35,19,0
275,Oriol Romeu,ESP,MF,Southampton,30-039,1991,9.4,25,15,7,15,3,6,22,27.3,16,151,48,31.8,52,76,23,12,4,0,8,15,40,22,0
276,Cristiano Ronaldo,POR,FW,Manchester Utd,36-270,1985,6.2,0,0,0,0,0,0,2,0.0,2,27,4,14.8,2,13,12,4,0,0,4,2,2,4,0
277,Salomón Rondón,VEN,FW,Everton,32-047,1989,4.8,4,1,0,1,3,1,8,12.5,7,86,22,25.6,8,41,37,3,0,0,3,0,4,6,0
278,Danny Rose,ENG,DF,Watford,31-123,1990,5.0,18,11,13,5,0,10,22,45.5,12,58,25,43.1,33,23,2,11,6,0,5,8,26,9,0
279,Antonio Rüdiger,GER,DF,Chelsea,28-244,1993,9.0,11,8,6,5,0,4,7,57.1,3,67,21,31.3,34,28,5,16,3,0,13,9,20,27,0
280,Lukas Rupp,GER,MF,Norwich City,30-298,1991,2.8,5,3,2,3,0,2,7,28.6,5,62,19,30.6,30,28,4,4,1,0,3,4,9,3,1
281,Allan Saint-Maximin,FRA,"FW,MF",Newcastle Utd,24-235,1997,9.9,3,3,2,0,1,0,4,0.0,4,68,27,39.7,14,26,28,5,0,0,5,6,9,0,0
282,Romain Saïss,MAR,DF,Wolves,31-221,1990,9.4,16,11,9,5,2,6,10,60.0,4,72,25,34.7,35,31,6,13,8,0,5,20,36,64,0
283,Bukayo Saka,ENG,"FW,MF",Arsenal,20-058,2001,7.9,6,3,1,5,0,2,11,18.2,9,96,20,20.8,24,37,35,11,0,0,11,7,13,2,0
284,Mohamed Salah,EGY,FW,Liverpool,29-140,1992,10.0,6,3,2,2,2,2,7,28.6,5,149,42,28.2,27,41,81,2,0,0,2,3,9,1,0
285,Mohammed Salisu,GHA,DF,Southampton,22-199,1999,9.6,27,21,20,4,3,15,21,71.4,6,98,41,41.8,57,32,9,20,11,1,9,28,55,58,1
286,Albert Sambi Lokonga,BEL,MF,Arsenal,22-011,1999,6.4,16,10,5,10,1,6,9,66.7,3,87,24,27.6,29,46,12,14,6,0,8,16,32,8,1
287,Davinson Sánchez,COL,DF,Tottenham,25-143,1996,4.1,8,3,5,3,0,3,6,50.0,3,39,14,35.9,20,16,3,11,8,0,3,4,12,27,0
288,Jadon Sancho,ENG,FW,Manchester Utd,21-222,2000,3.3,2,1,0,2,0,1,2,50.0,1,48,16,33.3,12,22,14,4,1,0,3,3,5,1,1
289,Josh Sargent,USA,FW,Norwich City,21-255,2000,5.7,6,2,3,3,0,3,7,42.9,4,109,26,23.9,23,45,41,10,0,0,10,9,15,5,0
290,Ismaila Sarr,SEN,"MF,FW",Watford,23-250,1998,9.7,6,2,2,2,2,0,4,0.0,4,177,37,20.9,34,70,73,7,1,0,6,8,14,2,0
291,Malang Sarr,FRA,DF,Chelsea,22-283,1999,1.0,4,2,4,0,0,0,1,0.0,1,11,4,36.4,9,2,0,1,1,0,0,1,5,13,0
292,Fabian Schär,SUI,DF,Newcastle Utd,29-317,1991,2.0,3,2,3,0,0,2,2,100.0,0,12,6,50.0,9,2,1,2,1,0,1,4,7,10,1
293,Jeffrey Schlupp,GHA,"MF,FW",Crystal Palace,28-314,1992,2.1,3,1,1,2,0,1,3,33.3,2,21,6,28.6,5,11,5,1,0,0,1,3,6,1,0
294,Ken Sema,SWE,"MF,FW",Watford,28-033,1993,3.2,5,4,4,1,0,0,6,0.0,6,72,15,20.8,21,44,7,4,0,0,4,1,6,7,0
295,Nélson Semedo,POR,DF,Wolves,27-351,1993,8.9,25,18,15,8,2,14,17,82.4,3,121,27,22.3,51,43,27,12,2,0,10,12,37,21,0
296,Jamie Shackleton,ENG,DF,Leeds United,22-025,1999,5.4,17,12,12,4,1,6,10,60.0,4,67,22,32.8,30,29,8,11,4,1,7,6,23,6,1
297,Luke Shaw,ENG,DF,Manchester Utd,26-113,1995,9.4,10,6,6,3,1,4,13,30.8,9,88,23,26.1,41,31,16,19,4,0,15,9,19,10,0
298,Jonjo Shelvey,ENG,MF,Newcastle Utd,29-248,1992,1.1,4,3,1,1,2,0,3,0.0,3,22,4,18.2,9,7,6,0,0,0,0,0,4,0,0
299,Francisco Sierralta,CHI,DF,Watford,24-180,1997,2.7,3,2,3,0,0,2,4,50.0,2,12,5,41.7,8,4,0,3,0,0,3,3,6,20,1
300,Bernardo Silva,POR,MF,Manchester City,27-084,1994,8.4,19,12,8,6,5,8,24,33.3,16,169,46,27.2,44,77,48,13,0,0,13,12,31,12,0
301,Thiago Silva,BRA,DF,Chelsea,37-041,1984,6.2,8,4,4,4,0,4,9,44.4,5,41,10,24.4,24,15,2,19,11,1,8,17,25,37,0
302,Moussa Sissoko,FRA,MF,Watford,32-078,1989,7.8,13,6,8,4,1,4,7,57.1,3,115,27,23.5,40,61,14,14,3,0,11,11,24,18,0
303,Oliver Skipp,ENG,MF,Tottenham,21-047,2000,8.5,19,10,12,6,1,9,21,42.9,12,152,39,25.7,80,61,11,15,6,0,9,14,33,5,0
304,Emile Smith-Rowe,ENG,"MF,FW",Arsenal,21-097,2000,8.9,5,4,2,3,0,1,8,12.5,7,116,32,27.6,27,54,35,9,0,0,9,9,14,3,0
305,Cédric Soares,POR,DF,Arsenal,30-063,1991,2.1,3,2,1,1,1,2,3,66.7,1,24,6,25.0,11,8,5,4,2,0,2,4,7,6,1
306,Tomáš Souček,CZE,MF,West Ham,26-248,1995,9.9,27,16,14,10,3,9,24,37.5,15,136,48,35.3,51,65,20,20,1,0,19,11,38,39,1
307,Boubakary Soumaré,FRA,MF,Leicester City,22-248,1999,5.3,8,3,1,5,2,2,3,66.7,1,113,29,25.7,40,56,17,5,0,0,5,10,18,8,0
308,Çağlar Söyüncü,TUR,DF,Leicester City,25-163,1996,9.7,18,11,14,4,0,9,15,60.0,6,87,30,34.5,51,34,2,20,7,0,13,17,35,54,1
309,Jack Stephens,ENG,DF,Southampton,27-279,1994,4.4,12,6,5,5,2,3,11,27.3,8,54,17,31.5,31,18,5,8,4,0,4,11,23,20,0
310,Raheem Sterling,ENG,"FW,MF",Manchester City,26-329,1994,4.2,5,2,0,3,2,2,9,22.2,7,61,13,21.3,5,39,17,1,0,0,1,2,7,0,0
311,Pascal Struijk,NED,"DF,MF",Leeds United,22-083,1999,6.3,19,14,9,9,1,6,9,66.7,3,101,38,37.6,48,46,7,16,6,0,10,19,38,26,0
312,Crysencio Summerville,NED,"MF,FW",Leeds United,20-003,2001,0.8,4,3,2,0,2,1,1,100.0,0,13,5,38.5,4,3,6,1,0,0,1,3,7,0,0
313,Japhet Tanganga,ENG,DF,Tottenham,22-216,1999,4.0,8,6,4,2,2,1,4,25.0,3,50,15,30.0,29,17,4,11,4,0,7,10,18,19,0
314,Matt Targett,ENG,DF,Aston Villa,26-045,1995,8.2,8,4,5,3,0,5,18,27.8,13,101,21,20.8,49,37,15,19,4,0,15,19,27,17,0
315,James Tarkowski,ENG,DF,Burnley,28-348,1992,10.0,15,7,10,4,1,7,9,77.8,2,71,27,38.0,46,21,4,22,16,1,6,22,37,50,1
316,Nuno Tavares,POR,DF,Arsenal,21-280,2000,2.6,5,4,1,1,3,0,2,0.0,2,34,7,20.6,14,12,8,7,1,0,6,7,12,9,0
317,Charlie Taylor,ENG,DF,Burnley,28-045,1993,9.0,19,7,12,7,0,13,18,72.2,5,57,15,26.3,32,20,5,35,5,0,30,22,41,30,1
318,Nathan Tella,ENG,"MF,FW",Southampton,22-120,1999,0.9,2,1,1,1,0,1,4,25.0,3,36,6,16.7,5,18,13,1,0,0,1,1,3,0,0
319,Luke Thomas,ENG,DF,Leicester City,20-145,2001,4.0,7,4,5,1,1,3,9,33.3,6,53,11,20.8,29,17,7,5,2,0,3,11,18,14,0
320,Youri Tielemans,BEL,MF,Leicester City,24-179,1997,10.0,17,12,7,8,2,9,25,36.0,16,154,45,29.2,49,75,30,21,9,0,12,8,25,17,1
321,Kieran Tierney,SCO,DF,Arsenal,24-150,1997,7.6,8,2,6,2,0,4,5,80.0,1,51,13,25.5,16,21,14,13,4,0,9,5,13,19,0
322,Takehiro Tomiyasu,JPN,DF,Arsenal,22-362,1998,6.7,12,2,6,3,3,7,10,70.0,3,78,16,20.5,28,36,14,19,1,0,18,11,23,25,0
323,Ivan Toney,ENG,FW,Brentford,25-231,1996,10.0,11,6,3,5,3,1,7,14.3,6,147,37,25.2,26,58,63,8,0,0,8,4,15,9,0
324,Ferrán Torres,ESP,FW,Manchester City,21-246,2000,3.4,1,1,0,1,0,0,1,0.0,1,40,13,32.5,4,9,27,6,1,0,5,1,2,0,0
325,Andros Townsend,ENG,"MF,FW",Everton,30-109,1991,8.8,18,12,9,7,2,4,21,19.0,17,156,52,33.3,55,63,38,21,1,0,20,14,32,4,0
326,Adama Traoré,ESP,"FW,MF",Wolves,25-281,1996,6.9,9,7,5,1,3,2,5,40.0,3,74,26,35.1,20,33,21,4,0,0,4,5,14,1,0
327,Bertrand Traoré,BFA,"MF,DF",Aston Villa,26-057,1995,0.6,1,0,0,0,1,0,1,0.0,1,9,3,33.3,1,2,6,0,0,0,0,0,1,0,0
328,Francisco Trincão,POR,"FW,MF",Wolves,21-308,1999,6.1,6,6,1,3,2,1,3,33.3,2,87,28,32.2,15,44,28,7,1,0,6,9,15,0,0
329,William Troost-Ekong,NGA,DF,Watford,28-062,1993,10.0,9,6,7,2,0,3,6,50.0,3,55,22,40.0,39,16,0,18,10,1,8,11,20,63,0
330,Leandro Trossard,BEL,"FW,MF",Brighton,26-333,1994,9.6,14,11,5,4,5,2,9,22.2,7,175,53,30.3,32,66,77,12,0,0,12,7,21,1,0
331,Kostas Tsimikas,GRE,DF,Liverpool,25-174,1996,3.3,9,4,5,0,4,4,8,50.0,4,53,14,26.4,20,13,20,6,1,0,5,5,14,12,0
332,Axel Tuanzebe,ENG,DF,Aston Villa,23-353,1997,4.5,5,4,4,1,0,2,4,50.0,2,41,12,29.3,17,20,4,5,4,0,1,8,13,11,1
333,Christos Tzolis,GRE,"FW,MF",Norwich City,19-276,2002,1.5,3,1,1,2,0,1,4,25.0,3,26,5,19.2,7,5,14,1,0,0,1,2,5,1,0
334,Raphaël Varane,FRA,DF,Manchester Utd,28-191,1993,6.0,7,5,3,2,2,2,5,40.0,3,46,18,39.1,33,10,3,13,4,0,9,11,18,41,0
335,Jamie Vardy,ENG,FW,Leicester City,34-295,1987,9.4,1,0,0,1,0,0,3,0.0,3,113,29,25.7,7,46,60,7,1,0,6,0,1,8,0
336,Joël Veltman,NED,DF,Brighton,29-291,1992,7.1,27,13,17,9,1,9,16,56.3,7,106,28,26.4,56,39,11,16,3,0,13,17,44,14,0
337,Jannik Vestergaard,DEN,DF,Leicester City,29-091,1992,4.3,11,8,10,1,0,6,13,46.2,7,45,21,46.7,34,11,0,12,8,0,4,13,24,33,1
338,Nikola Vlašić,CRO,MF,West Ham,24-029,1997,1.2,3,2,0,3,0,0,6,0.0,6,43,6,14.0,9,21,13,1,0,0,1,1,4,1,0
339,Matěj Vydra,CZE,FW,Burnley,29-185,1992,2.2,4,2,1,0,3,2,4,50.0,2,47,12,25.5,3,17,27,1,0,0,1,2,6,3,0
340,Theo Walcott,ENG,MF,Southampton,32-231,1989,2.8,4,2,1,1,2,2,4,50.0,2,55,11,20.0,10,25,20,4,0,0,4,2,6,0,0
341,Kyle Walker,ENG,DF,Manchester City,31-158,1990,7.5,8,6,5,2,1,4,11,36.4,7,68,20,29.4,20,37,11,10,4,0,6,8,16,9,0
342,Kyle Walker-Peters,ENG,DF,Southampton,24-203,1997,4.9,9,5,6,3,0,4,10,40.0,6,56,22,39.3,26,21,9,10,0,0,10,11,20,7,0
343,Aaron Wan-Bissaka,ENG,DF,Manchester Utd,23-341,1997,10.0,18,11,8,7,3,2,7,28.6,5,103,32,31.1,42,39,22,23,5,1,18,16,34,20,0
344,Joel Ward,ENG,DF,Crystal Palace,32-004,1989,10.0,19,9,12,7,0,12,19,63.2,7,110,32,29.1,57,38,15,29,5,0,24,12,31,43,0
